<?xml version="1.0" encoding="utf-8"?>
<window id="3001">
	<controls>
		<control type="image" id="3003">
			<description>Black Background Image</description>
			<posx>0</posx>
			<posy>0</posy>
			<width>1920</width>
			<height>1080</height>
			<texture>screensaver-black.png</texture>
		</control>
		<control type="image" id="3004">
			<description>Background Image</description>
			<posx>0</posx>
			<posy>0</posy>
			<width>1920</width>
			<height>1080</height>
			<aspectratio>stretch</aspectratio>
		</control>
	</controls>
</window>
