﻿<?xml version="1.0" encoding="utf-8" standalone="yes"?>
<addon id="plugin.video.l0re.3plus" name="3plus TV" version="0.2.1" provider-name="L0RE">
	<requires>
		<import addon="xbmc.python" version="2.24.0"/>
		<import addon="script.module.beautifulsoup4" version="4.3.2"/>
		<import addon="script.common.plugin.cache" version="2.5.5" optional="true"/> # Add this
	</requires>
	<extension point="xbmc.python.pluginsource" library="default.py">
		<provides>video</provides>
	</extension>
	<extension point="xbmc.addon.metadata">
		<summary lang="de">Videoportal von 3plus.tv</summary>
		<summary lang="en">video portal from 3plus.tv</summary>
		<description lang="de">Schweizer TV-Privatsender 3plus. Das abwechslungsreiche Programm von 3+ bietet Unterhaltung mit Schweizer-Eigenproduktionen.[CR]Ausgewählt und zusammengestellt von 3plus (http://3plus.tv/).</description>
		<description lang="en">Swiss private TV channel 3plus. The varied program of 3+ offers entertainment with Swiss in-house productions.[CR]Selected and compiled by 3plus (http://3plus.tv/).</description>
		<disclaimer lang="de">Die von diesem Addon dargestellten Inhalte werden von den Erstellern des Addons weder gehostet oder verbreitet, noch stehen die Ersteller in irgendeiner Beziehung zu den Anbietern des Inhalts.</disclaimer>
		<disclaimer lang="en">The author does not host or distribute any of the content displayed by this addon. The author does not have any affiliation with the content providers.</disclaimer>
		<language></language>
		<platform>all</platform>
		<license>GNU GENERAL PUBLIC LICENSE. Version 2, June 1991</license>
		<forum>https://www.kodinerds.net/index.php/Thread/55451-L0REs-Blog/</forum>
		<website>http://3plus.tv/</website>
		<email></email>
		<source>https://github.com/kodinerds/repo/tree/master/plugin.video.L0RE.3plus</source>
		<assets>
			<icon>icon.png</icon>
			<fanart>fanart.jpg</fanart>
		</assets>
		<news>[B][COLOR orangered]Version 0.2.1  (21.10.2018)[/COLOR][/B] by realvito[CR]
- fixed: Videos können nicht abgespielt werden (verursacht durch Änderung der Webseitencodierung)
		</news>
	</extension>
</addon>