<?xml version="1.0" encoding="UTF-8"?>
<window>
	<onload>ClearProperty(ShowViewSubMenu, Home)</onload>
	<onunload>ClearProperty(ShowViewSubMenu, Home)</onunload>
	
	<defaultcontrol always="true">5000</defaultcontrol>
    <controls>
		<!-- Video Background -->
        <include>GlobalBackground</include>

		<!--NowPlaying-->
        <include condition="Skin.HasTheme(classic)">NowPlayingMusicClassic</include>
        <include condition="Skin.HasTheme(classic)">NowPlayingVideoClassic</include>
		<include condition="!Skin.HasTheme(classic)">NowPlayingModern</include>
         <!--Header-->
        <include>Header</include>
		<control type="group">
			<include>animation_window_open_close</include>
			
            <control type="image">
				<posx>82</posx>
				<bottom>145</bottom>
				<width>400</width>
				<height>630</height>
				<texture border="5">diffuse/panel.png</texture>
				<colordiffuse>$VAR[ViewDetailsPanelColor]</colordiffuse>
				<aspectratio>stretch</aspectratio>
			</control>
			
			<!-- weekdays -->
			<control type="list" id="5000">
				<posx>82</posx>
				<bottom>145</bottom>
				<width>410</width>
				<height>630</height>
				<onleft>9000</onleft>
				<onright condition="Container(5000).HasFocus(1)">200</onright>
				<onright condition="Container(5000).HasFocus(2)">201</onright>
				<onright condition="Container(5000).HasFocus(3)">202</onright>
				<onright condition="Container(5000).HasFocus(4)">203</onright>
				<onright condition="Container(5000).HasFocus(5)">204</onright>
				<onright condition="Container(5000).HasFocus(6)">205</onright>
				<onright condition="Container(5000).HasFocus(7)">206</onright>
				<onright condition="Container(5000).HasFocus(8)">207</onright>
				<onright condition="Container(5000).HasFocus(9)">208</onright>
				<onright condition="Container(5000).HasFocus(10)">209</onright>
				<onright condition="Container(5000).HasFocus(11)">210</onright>
				<onright condition="Container(5000).HasFocus(12)">211</onright>
				<onright condition="Container(5000).HasFocus(13)">212</onright>
				<onright condition="Container(5000).HasFocus(14)">213</onright>
				<onright condition="Container(5000).HasFocus(15)">214</onright>
				<onright condition="Container(5000).HasFocus(16)">215</onright>
				<onup>5000</onup>
				<ondown>5000</ondown>
				<pagecontrol></pagecontrol>
				<scrolltime tween="quadratic">300</scrolltime>
				<itemlayout height="90" width="400">
					<control type="label">
						<top>10</top>
						<left>10</left>
						<width>380</width>
						<height>50</height>
						<font>Bold30</font>
						<align>left</align>
						<textcolor>$INFO[Skin.String(ViewDetailsListItemTextColor)]</textcolor>
						<label>$INFO[ListItem.Label]</label>
					</control>
					<control type="label">
						<bottom>10</bottom>
						<left>10</left>
						<width>380</width>
						<height>40</height>
						<font>Reg20</font>
						<align>right</align>
						<font>Reg24</font>
						<textcolor>$INFO[Skin.String(ViewDetailsListItemTextColor)]</textcolor>
						<label>$INFO[ListItem.Property(count)]</label>
					</control>
					<control type="label">
						<bottom>10</bottom>
						<left>10</left>
						<width>380</width>
						<height>40</height>
						<font>Reg20</font>
						<align>left</align>
						<font>Reg24</font>
						<textcolor>$INFO[Skin.String(ViewDetailsListItemTextColor)]</textcolor>
						<label>$INFO[ListItem.Label2]</label>
					</control>
					<control type="image">
						 <width>100%</width>
						 <height>1</height>
						 <bottom>0</bottom>
						 <texture colordiffuse="$INFO[Skin.String(ViewDetailsListItemTextColor)]">colors/color_white.png</texture>
					</control>
				</itemlayout>
				<focusedlayout height="90" width="400">
					<control type="image">
						 <width>400</width>
						 <texture diffuse="diffuse/panel.png" border="5" colordiffuse="$VAR[ViewDetailsFocusColor]">colors/color_white.png</texture>
						 <aspectratio>stretch</aspectratio>
					</control>
					<control type="label">
						<top>10</top>
						<left>10</left>
						<width>380</width>
						<height>50</height>
						<font>Bold30</font>
						<align>left</align>
						<textcolor>$INFO[Skin.String(ViewDetailsListItemTextFocusColor)]</textcolor>
						<label>$INFO[ListItem.Label]</label>
					</control>
					<control type="label">
						<bottom>10</bottom>
						<left>10</left>
						<width>380</width>
						<height>40</height>
						<font>Reg20</font>
						<align>right</align>
						<font>Reg24</font>
						<textcolor>$INFO[Skin.String(ViewDetailsListItemTextFocusColor)]</textcolor>
						<label>$INFO[ListItem.Property(count)]</label>
					</control>
					<control type="label">
						<bottom>10</bottom>
						<left>10</left>
						<width>380</width>
						<height>40</height>
						<font>Reg20</font>
						<align>left</align>
						<textcolor>$INFO[Skin.String(ViewDetailsListItemTextFocusColor)]</textcolor>
						<label>$INFO[ListItem.Label2]</label>
					</control>
				</focusedlayout>			
				<content>
					<item id="1">
						<label>$INFO[Window(home).Property(NextAired.YesterdayText)]</label>
						<label2>$INFO[Window(Home).Property(NextAired.200.Date)]</label2>
						<property name="count">$INFO[Container(200).NumItems]</property>
						<onclick></onclick>
						<icon></icon>
						<visible>!String.IsEmpty(Window(home).Property(NextAired.200.Wday))</visible>
					</item>
					<item id="2">
						<label>$INFO[Window(home).Property(NextAired.TodayText)]</label>
						<label2>$INFO[Window(Home).Property(NextAired.201.Date)]</label2>
						<property name="count">$INFO[Container(201).NumItems]</property>
						<onclick></onclick>
						<icon></icon>
					</item>
					<item id="3">
						<label>$INFO[Window(home).Property(NextAired.TomorrowText)]</label>
						<label2>$INFO[Window(Home).Property(NextAired.202.Date)]</label2>
						<property name="count">$INFO[Container(202).NumItems]</property>
						<onclick></onclick>
						<icon></icon>
					</item>
					<item id="4">
						<label>$INFO[Window(home).Property(NextAired.203.Weekday)]</label>
						<label2>$INFO[Window(Home).Property(NextAired.203.Date)]</label2>
						<property name="count">$INFO[Container(203).NumItems]</property>
						<onclick></onclick>
						<icon></icon>
					</item>
					<item id="5">
						<label>$INFO[Window(home).Property(NextAired.204.Weekday)]</label>
						<label2>$INFO[Window(Home).Property(NextAired.204.Date)]</label2>
						<property name="count">$INFO[Container(204).NumItems]</property>
						<onclick></onclick>
						<icon></icon>
					</item>
					<item id="6">
						<label>$INFO[Window(home).Property(NextAired.205.Weekday)]</label>
						<label2>$INFO[Window(Home).Property(NextAired.205.Date)]</label2>
						<property name="count">$INFO[Container(205).NumItems]</property>
						<onclick></onclick>
						<icon></icon>
					</item>
					<item id="7">
						<label>$INFO[Window(home).Property(NextAired.206.Weekday)]</label>
						<label2>$INFO[Window(Home).Property(NextAired.206.Date)]</label2>
						<property name="count">$INFO[Container(206).NumItems]</property>
						<onclick></onclick>
						<icon></icon>
					</item>
					<item id="8">
						<label>$INFO[Window(home).Property(NextAired.207.Weekday)]</label>
						<label2>$INFO[Window(Home).Property(NextAired.207.Date)]</label2>
						<property name="count">$INFO[Container(207).NumItems]</property>
						<onclick></onclick>
						<icon></icon>
					</item>
					<item id="9">
						<label>$INFO[Window(home).Property(NextAired.208.Weekday)]</label>
						<label2>$INFO[Window(Home).Property(NextAired.208.Date)]</label2>
						<property name="count">$INFO[Container(208).NumItems]</property>
						<onclick></onclick>
						<icon></icon>
					</item>
					<item id="10">
						<label>$INFO[Window(home).Property(NextAired.209.Weekday)]</label>
						<label2>$INFO[Window(Home).Property(NextAired.209.Date)]</label2>
						<property name="count">$INFO[Container(209).NumItems]</property>
						<onclick></onclick>
						<icon></icon>
					</item>
					<item id="11">
						<label>$INFO[Window(home).Property(NextAired.210.Weekday)]</label>
						<label2>$INFO[Window(Home).Property(NextAired.210.Date)]</label2>
						<property name="count">$INFO[Container(210).NumItems]</property>
						<onclick></onclick>
						<icon></icon>
					</item>
					<item id="12">
						<label>$INFO[Window(home).Property(NextAired.211.Weekday)]</label>
						<label2>$INFO[Window(Home).Property(NextAired.211.Date)]</label2>
						<property name="count">$INFO[Container(211).NumItems]</property>
						<onclick></onclick>
						<icon></icon>
					</item>
					<item id="13">
						<label>$INFO[Window(home).Property(NextAired.212.Weekday)]</label>
						<label2>$INFO[Window(Home).Property(NextAired.212.Date)]</label2>
						<property name="count">$INFO[Container(212).NumItems]</property>
						<onclick></onclick>
						<icon></icon>
					</item>
					<item id="14">
						<label>$INFO[Window(home).Property(NextAired.213.Weekday)]</label>
						<label2>$INFO[Window(Home).Property(NextAired.213.Date)]</label2>
						<property name="count">$INFO[Container(212).NumItems]</property>
						<onclick></onclick>
						<icon></icon>
					</item>
					<item id="15">
						<label>$INFO[Window(home).Property(NextAired.214.Weekday)]</label>
						<label2>$INFO[Window(Home).Property(NextAired.214.Date)]</label2>
						<property name="count">$INFO[Container(214).NumItems]</property>
						<onclick></onclick>
						<icon></icon>
					</item>
					<item id="16">
						<label>$INFO[Window(home).Property(NextAired.215.Weekday)]</label>
						<label2>$INFO[Window(Home).Property(NextAired.215.Date)]</label2>
						<property name="count">$INFO[Container(215).NumItems]</property>
						<onclick></onclick>
						<icon></icon>
					</item>
				</content>
			</control>
			<control type="group" id="9001">
				<bottom>145</bottom>
				<posx>535</posx>
                <height>630</height>
				<control type="scrollbar" id="60">
					<left>0</left>
					<posy>670</posy>
					<width>1316</width>
					<height>15</height>
					<onup>9001</onup>
					<onup condition="Container(5000).HasFocus(1)">200</onup>
					<onup condition="Container(5000).HasFocus(2)">201</onup>
					<onup condition="Container(5000).HasFocus(3)">202</onup>
					<onup condition="Container(5000).HasFocus(4)">203</onup>
					<onup condition="Container(5000).HasFocus(5)">204</onup>
					<onup condition="Container(5000).HasFocus(6)">205</onup>
					<onup condition="Container(5000).HasFocus(7)">206</onup>
					<onup condition="Container(5000).HasFocus(8)">207</onup>
					<onup condition="Container(5000).HasFocus(9)">208</onup>
					<onup condition="Container(5000).HasFocus(10)">209</onup>
					<onup condition="Container(5000).HasFocus(11)">210</onup>
					<onup condition="Container(5000).HasFocus(12)">211</onup>
					<onup condition="Container(5000).HasFocus(13)">212</onup>
					<onup condition="Container(5000).HasFocus(14)">213</onup>
					<onup condition="Container(5000).HasFocus(15)">214</onup>
					<onup condition="Container(5000).HasFocus(16)">215</onup>
					<onleft>5000</onleft>
					<orientation>horizontal</orientation>
					<animation effect="fade" start="0" end="100" time="400" condition="Control.HasFocus(60) | Skin.HasSetting(EnableTouchSupport) | Container.Scrolling | Skin.HasSetting(alwaysShowScrollbars)">Conditional</animation>
					<animation effect="fade" start="100" end="0" time="400" condition="![Control.HasFocus(60) | Skin.HasSetting(EnableTouchSupport) | Container.Scrolling | Skin.HasSetting(alwaysShowScrollbars)]">Conditional</animation>
				</control>
				<control type="panel" id="200">
					<visible>[Control.HasFocus(5000) + Container(5000).HasFocus(1)] | Control.HasFocus(200) | [Container(5000).HasFocus(1) + Control.HasFocus(60)]</visible>
					<include>SettingsFadeEffect</include>
					<onright>200</onright>
					<include>TVNextAiredListCommonLayout</include>				
				</control>
				<control type="panel" id="201">
					<visible>[Control.HasFocus(5000) + Container(5000).HasFocus(2)] | Control.HasFocus(201) | [Container(5000).HasFocus(2) + Control.HasFocus(60)]</visible>
					<include>SettingsFadeEffect</include>
					<onright>201</onright>
					<include>TVNextAiredListCommonLayout</include>
				</control>
				<control type="panel" id="202">
					<visible>[Control.HasFocus(5000) + Container(5000).HasFocus(3)] | Control.HasFocus(202) | [Container(5000).HasFocus(3) + Control.HasFocus(60)]</visible>
					<include>SettingsFadeEffect</include>
					<onright>202</onright>
					<include>TVNextAiredListCommonLayout</include>
				</control>
				<control type="panel" id="203">
					<visible>[Control.HasFocus(5000) + Container(5000).HasFocus(4)] | Control.HasFocus(203) | [Container(5000).HasFocus(4) + Control.HasFocus(60)]</visible>
					<include>SettingsFadeEffect</include>
					<onright>203</onright>
					<include>TVNextAiredListCommonLayout</include>
				</control>
				<control type="panel" id="204">
					<visible>[Control.HasFocus(5000) + Container(5000).HasFocus(5)] | Control.HasFocus(204) | [Container(5000).HasFocus(5) + Control.HasFocus(60)]</visible>
					<include>SettingsFadeEffect</include>
					<onright>204</onright>
					<include>TVNextAiredListCommonLayout</include>
				</control>
				<control type="panel" id="205">
					<visible>[Control.HasFocus(5000) + Container(5000).HasFocus(6)] | Control.HasFocus(205) | [Container(5000).HasFocus(6) + Control.HasFocus(60)]</visible>
					<include>SettingsFadeEffect</include>
					<onright>205</onright>
					<include>TVNextAiredListCommonLayout</include>
				</control>
				<control type="panel" id="206">
					<visible>[Control.HasFocus(5000) + Container(5000).HasFocus(7)] | Control.HasFocus(206) | [Container(5000).HasFocus(7) + Control.HasFocus(60)]</visible>
					<include>SettingsFadeEffect</include>
					<onright>206</onright>
					<include>TVNextAiredListCommonLayout</include>
				</control>
				<control type="panel" id="207">
					<visible>[Control.HasFocus(5000) + Container(5000).HasFocus(8)] | Control.HasFocus(207) | [Container(5000).HasFocus(8) + Control.HasFocus(60)]</visible>
					<include>SettingsFadeEffect</include>
					<onright>207</onright>
					<include>TVNextAiredListCommonLayout</include>
				</control>
				<control type="panel" id="208">
					<visible>[Control.HasFocus(5000) + Container(5000).HasFocus(9)] | Control.HasFocus(208) | [Container(5000).HasFocus(9) + Control.HasFocus(60)]</visible>
					<include>SettingsFadeEffect</include>
					<onright>208</onright>
					<include>TVNextAiredListCommonLayout</include>
				</control>
				<control type="panel" id="209">
					<visible>[Control.HasFocus(5000) + Container(5000).HasFocus(10)] | Control.HasFocus(209) | [Container(5000).HasFocus(10) + Control.HasFocus(60)]</visible>
					<include>SettingsFadeEffect</include>
					<onright>209</onright>
					<include>TVNextAiredListCommonLayout</include>
				</control>
				<control type="panel" id="210">
					<visible>[Control.HasFocus(5000) + Container(5000).HasFocus(11)] | Control.HasFocus(210) | [Container(5000).HasFocus(11) + Control.HasFocus(60)]</visible>
					<include>SettingsFadeEffect</include>
					<onright>210</onright>
					<include>TVNextAiredListCommonLayout</include>
				</control>
				<control type="panel" id="211">
					<visible>[Control.HasFocus(5000) + Container(5000).HasFocus(12)] | Control.HasFocus(211) | [Container(5000).HasFocus(12) + Control.HasFocus(60)]</visible>
					<include>SettingsFadeEffect</include>
					<onright>211</onright>
					<include>TVNextAiredListCommonLayout</include>
				</control>
				<control type="panel" id="212">
					<visible>[Control.HasFocus(5000) + Container(5000).HasFocus(13)] | Control.HasFocus(212) | [Container(5000).HasFocus(13) + Control.HasFocus(60)]</visible>
					<include>SettingsFadeEffect</include>
					<onright>212</onright>
					<include>TVNextAiredListCommonLayout</include>
				</control>
				<control type="panel" id="213">
					<visible>[Control.HasFocus(5000) + Container(5000).HasFocus(14)] | Control.HasFocus(213) | [Container(5000).HasFocus(14) + Control.HasFocus(60)]</visible>
					<include>SettingsFadeEffect</include>
					<onright>213</onright>
					<include>TVNextAiredListCommonLayout</include>
				</control>
				<control type="panel" id="214">
					<visible>[Control.HasFocus(5000) + Container(5000).HasFocus(15)] | Control.HasFocus(214) | [Container(5000).HasFocus(15) + Control.HasFocus(60)]</visible>
					<include>SettingsFadeEffect</include>
					<onright>214</onright>
					<include>TVNextAiredListCommonLayout</include>
				</control>
				<control type="panel" id="215">
					<visible>[Control.HasFocus(5000) + Container(5000).HasFocus(16)] | Control.HasFocus(215) | [Container(5000).HasFocus(16) + Control.HasFocus(60)]</visible>
					<include>SettingsFadeEffect</include>
					<onright>215</onright>
					<include>TVNextAiredListCommonLayout</include>
				</control>
			</control>
		</control>
		
		<!--Footer-->
		<control type="group">
			<include>animation_window_open_close</include>
			 <include>animation_fade_visible_hidden</include>
			<include condition="!skin.hassetting(nofooterbar)">Footer</include>
		</control>
		
		<!--clear logo -->
		<include condition="Skin.String(ClearLogoLocation)">ClearLogo</include>
		
		<!--Sub Menu Tab Left-->
        <include condition="!Skin.HasSetting(DisableSideBladeIndicator)">SideBladeMenuTabLeft</include>
		
		
		<!--Sub Menu-->
        <control type="group">
            <include condition="skin.hastheme(classic) | Skin.HasSetting(smallContextMenu)">SideBladeClassic</include>
			<include condition="![skin.hastheme(classic) | Skin.HasSetting(smallContextMenu)]">SideBladeModern</include>
            <!--Grouplist 9000-->
            <control type="grouplist" id="9000">
                <posx>21</posx>
                <posy>190</posy>
                <width>458</width>
                <height>750</height>
                <itemgap>3</itemgap>
                <onleft>5000</onleft>
                <onright>5000</onright>
				<onright>ClearProperty(ShowViewSubMenu, Home)</onright>
				<onleft>ClearProperty(ShowViewSubMenu, Home)</onleft>
				<onback>ClearProperty(ShowViewSubMenu, Home)</onback>
                <onup>9000</onup>
                <ondown>9000</ondown>
                <orientation>vertical</orientation>
                <!--Buttons-->
                <control type="label" id="1001">
                    <!--Label Menu-->
                    <width>458</width>
                    <align>left</align>
                    <textoffsetx>50</textoffsetx>
                    <font>Bold40</font>
                    <textcolor>$INFO[Skin.String(GeneralHighlightTextColor)]</textcolor>
                    <label>$LOCALIZE[33061]:</label>
					<visible>skin.hastheme(classic)</visible>
                </control>
                <control type="image" id="1002">
                    <!--Seperator-->
                    <width>458</width>
                    <height>10</height>
                    <align>left</align>
                    <texture>common/menu-separator.png</texture>
					<visible>skin.hastheme(classic)</visible>
                </control>
				<control type="button" id="8">
                    <description>Settings</description>
				    <include>SideBladeMenuButton</include>
                    <label>5</label>
                </control>
				
				
				<control type="radiobutton" id="1004">
                    <!--Show Fanart Background-->
                    <include>SideBladeMenuButton</include>
                    <label>31141</label>
                    <onclick>Skin.ToggleSetting(ShowFanartBackground)</onclick>
                    <selected>Skin.HasSetting(ShowFanartBackground)</selected>
					<visible>!Control.IsVisible(507)</visible>
                </control>

            </control>
        </control>


	</controls>
</window>