<?xml version="1.0" encoding="UTF-8"?>
<window>
    <defaultcontrol always="true">20</defaultcontrol>
    <onload>Dialog.Close(fullscreeninfo,true)</onload>
    <onload>Dialog.Close(videoosd,true)</onload>
    <controls>
        <control type="group">
            <animation type="WindowOpen" reversible="false">
                <effect type="fade" start="0" end="100" time="600" />
                <effect type="slide" start="0,-115" end="0,0" time="600" />
            </animation>
            <animation type="WindowClose" reversible="false">
                <effect type="fade" start="100" end="0" time="400" />
                <effect type="slide" start="0,0" end="0,-115" time="400" />
            </animation>
            <control type="group">
                <height>100</height>
                <!-- Background -->
                <control type="image">
                    <top>0</top>
                    <width>100%</width>
                    <height>100</height>
                    <texture border="15">diffuse/bgpanel.png</texture>
					<colordiffuse>$INFO[Skin.String(OSDPanelColor)]</colordiffuse>
                </control>
				
				<control type="group">
					<top>12</top>
					<left>20</left>
					<width>60</width>
					<height>110</height>
					<!-- <width>75%</width> -->
					<control type="image">
						<width>60</width>
						<height>80</height>
						<texture border="20" flipx="true">dialogs/keyboard/key-nf-left.png</texture>
						<colordiffuse>$VAR[NextUpAreaColor]</colordiffuse>
					</control>
					<control type="group">
						<control type="image">
							<top>10</top>
							<!-- <left>-7</left> -->
							<width>46</width>
							<height>46</height>
							<aspect>keep</aspect>
							<!-- <bottom>30</bottom> -->
							<texture colordiffuse="$VAR[NextUpFontColor]">special://home/addons/service.upnext/resources/skins/default/media/nextupicons/30.png</texture>
							<animation effect="slide" end="13,5" time="0" condition="true">Conditional</animation>
							<visible>Integer.IsGreater(Player.TimeRemaining,30)</visible>
						</control>
						<control type="image">
							<top>10</top>
							<!-- <left>-7</left> -->
							<width>46</width>
							<height>46</height>
							<aspect>keep</aspect>
							<!-- <bottom>30</bottom> -->
							<texture colordiffuse="$VAR[NextUpFontColor]">$INFO[Player.TimeRemaining(ss),special://home/addons/service.upnext/resources/skins/default/media/nextupicons/,.png]</texture>
							<animation effect="slide" end="13,5" time="0" condition="true">Conditional</animation>
							<visible>!Integer.IsGreater(Player.TimeRemaining,30)</visible>
						</control>
					</control>
				</control>
				
                <control type="group">
                    <top>12</top>
                    <left>80</left>
                    <!-- <width>75%</width> -->
                    <!-- Buttons -->
                    <control type="button" id="3012">
                        <left>-1000</left>
                        <top>-1000</top>
                        <height>1</height>
                        <width>1</width>
                    </control>
				
                    <control type="grouplist" id="20">
                        <orientation>horizontal</orientation>
                        <height>110</height>
                        <itemgap>10</itemgap>
                        <align>left</align>
						
                        <control type="button" id="10">
							<!-- <include>DialogButtonOther</include> -->
							<texturefocus colordiffuse="$INFO[Skin.String(ButtonFocusColor)]" border="20">dialogs/keyboard/key-nf-left.png</texturefocus>
							<texturenofocus colordiffuse="$INFO[Skin.String(ButtonColor)]" border="20">dialogs/keyboard/key-nf-left.png</texturenofocus>
							<alttexturefocus colordiffuse="$INFO[Skin.String(ButtonFocusColor)]" border="20">dialogs/keyboard/key-nf-left.png</alttexturefocus>
							<alttexturenofocus colordiffuse="$INFO[Skin.String(ButtonColor)]" border="20">dialogs/keyboard/key-nf-left.png</alttexturenofocus>
							<!-- <include>DialogButtonOther</include> -->
                            <label>$ADDON[service.upnext 30049]</label>
                            <onclick>SendClick(3012)</onclick>
                            <visible>Integer.IsGreater(Player.TimeRemaining,59)</visible>
                            <!-- <height>56</height> -->
                            <width min="50">auto</width>
                            <!-- <font>font20_title</font> -->
                            <textoffsetx>15</textoffsetx>
                            <aligny>center</aligny>
                            <align>center</align>
							<include>DialogButtonOther</include>
                        </control>
                        <control type="button" id="11">
							<texturefocus colordiffuse="$INFO[Skin.String(ButtonFocusColor)]" border="20">dialogs/keyboard/key-nf-left.png</texturefocus>
							<texturenofocus colordiffuse="$INFO[Skin.String(ButtonColor)]" border="20">dialogs/keyboard/key-nf-left.png</texturenofocus>
							<alttexturefocus colordiffuse="$INFO[Skin.String(ButtonFocusColor)]" border="20">dialogs/keyboard/key-nf-left.png</alttexturefocus>
							<alttexturenofocus colordiffuse="$INFO[Skin.String(ButtonColor)]" border="20">dialogs/keyboard/key-nf-left.png</alttexturenofocus>
							<!-- <include>DialogButtonOther</include> -->
                            <label>$LOCALIZE[30037]</label>
							 <!-- [B]$INFO[Player.TimeRemaining(ss),,][/B] -->
                            <onclick>SendClick(3012)</onclick>
                            <visible>!Integer.IsGreater(Player.TimeRemaining,59)</visible>
                            <!-- <height>56</height> -->
                            <width min="50">auto</width>
                            <!-- <font>font20_title</font> -->
                            <textoffsetx>15</textoffsetx>
                            <aligny>center</aligny>
                            <align>center</align>
							<include>DialogButtonOther</include>
                        </control>
                        <control type="button" id="3013">
                            <!-- <include>DialogButtonOther</include> -->
							<label>$ADDON[service.upnext 30034]</label>
                            <!-- <height>56</height> -->
                            <width min="50">auto</width>
                            <!-- <font>font20_title</font>  -->
                            <textoffsetx>15</textoffsetx>
                            <aligny>center</aligny>
                            <align>center</align>
							<include>DialogButtonOther</include>
                        </control>
                    </control>
                </control>
            </control>
        </control>
        <control type="progress" id="3014">
            <visible>false</visible>
        </control>
    </controls>
</window>