﻿<?xml version="1.0" encoding="utf-8" standalone="yes"?>
<addon id="script.module.nexx" name="Nexx Video API service module" version="1.2.1" provider-name="sarbes, realvito">
	<requires>
		<import addon="xbmc.python" version="2.25.0" />
		<import addon="script.module.libmediathek3" version="1.5.0"/>
	</requires>
	<extension point="xbmc.python.module" library="lib"/>
	<extension point="xbmc.addon.metadata">
		<summary lang="de_DE">Nexx-Player</summary>
		<summary lang="en_GB">Nexx-Player</summary>
		<description lang="de_DE">Dies ist ein Service Modul des CMS Providers Nexx.</description>
		<description lang="en_GB">This is a service module for the API of the CMS provider Nexx.</description>
		<disclaimer lang="de_DE">Die von diesem Addon dargestellten Inhalte werden von den Erstellern des Addons weder gehostet oder verbreitet, noch stehen die Ersteller in irgendeiner Beziehung zu den Anbietern des Inhalts.</disclaimer>
		<disclaimer lang="en_GB">The author does not host or distribute any of the content displayed by this addon. The author does not have any affiliation with the content providers.</disclaimer>
		<language></language>
		<platform>all</platform>
		<license>GNU GENERAL PUBLIC LICENSE. Version 2, June 1991</license>
		<forum></forum>
		<website></website>
		<email></email>
		<source>https://github.com/prof-membrane/repository.membrane/tree/master/script.module.nexx</source>
		<assets></assets>
		<news>[B][COLOR orangered]Version 1.2.1  (20.10.2019)[/COLOR][/B]
		</news>
	</extension>
</addon>
