<?xml version="1.0" encoding="utf-8"?>

<!-- 179 -->

<includes>
    <include name="custom_content">
					<item id="13">
						<description>1. FC Kaiserslautern Mediathek</description>
						<label>1. FC Kaiserslautern Mediathek</label>
						<label2></label2>
						<icon>$INFO[System.AddonIcon(plugin.video.l0re.fck-tv)]</icon>
						<onclick>Dialog.Close(all)</onclick>
						<onclick condition="System.hasAddon(plugin.video.l0re.fck-tv)">RunAddon(plugin.video.l0re.fck-tv)</onclick>
						<visible>System.hasAddon(plugin.video.l0re.fck-tv)</visible>
					</item>
					<item id="6">
						<description>1. FC Union Berlin Mediathek</description>
						<label>1. FC Union Berlin Mediathek</label>
						<label2></label2>
						<icon>$INFO[System.AddonIcon(plugin.video.l0re.aftv)]</icon>
						<onclick>Dialog.Close(all)</onclick>
						<onclick condition="System.hasAddon(plugin.video.l0re.aftv)">RunAddon(plugin.video.l0re.aftv)</onclick>
						<visible>System.hasAddon(plugin.video.l0re.aftv)</visible>
					</item>
					<item id="174">
						<description>1LIVE.de</description>
						<label>1LIVE.de</label>
						<label2></label2>
						<icon>$INFO[System.AddonIcon(plugin.audio.einslive_de)]</icon>
						<onclick>Dialog.Close(all)</onclick>
						<onclick condition="System.hasAddon(plugin.audio.einslive_de)">RunAddon(plugin.audio.einslive_de)</onclick>
						<visible>System.hasAddon(plugin.audio.einslive_de)</visible>
					</item>
					<item id="32">
						<description>3. Liga</description>
						<label>3. Liga</label>
						<label2></label2>
						<icon>$INFO[System.AddonIcon(plugin.video.bundesliga3)]</icon>
						<onclick>Dialog.Close(all)</onclick>
						<onclick condition="System.hasAddon(plugin.video.bundesliga3)">RunAddon(plugin.video.bundesliga3)</onclick>
						<visible>System.hasAddon(plugin.video.bundesliga3)</visible>
					</item>
					<item id="4">
						<description>3plus TV</description>
						<label>3plus TV</label>
						<label2></label2>
						<icon>$INFO[System.AddonIcon(plugin.video.l0re.3plus)]</icon>
						<onclick>Dialog.Close(all)</onclick>
						<onclick condition="System.hasAddon(plugin.video.l0re.3plus)">RunAddon(plugin.video.l0re.3plus)</onclick>
						<visible>System.hasAddon(plugin.video.l0re.3plus)</visible>
					</item>
					<item id="118">
						<description>3sat Mediathek</description>
						<label>3sat Mediathek</label>
						<label2></label2>
						<icon>$INFO[System.AddonIcon(plugin.video.3satmediathek)]</icon>
						<onclick>Dialog.Close(all)</onclick>
						<onclick condition="System.hasAddon(plugin.video.3satmediathek)">RunAddon(plugin.video.3satmediathek)</onclick>
						<visible>System.hasAddon(plugin.video.3satmediathek)</visible>
					</item>
					<item id="119">
						<description>7TV</description>
						<label>7TV</label>
						<label2></label2>
						<icon>$INFO[System.AddonIcon(plugin.video.7tv)]</icon>
						<onclick>Dialog.Close(all)</onclick>
						<onclick condition="System.hasAddon(plugin.video.7tv)">RunAddon(plugin.video.7tv)</onclick>
						<visible>System.hasAddon(plugin.video.7tv)</visible>
					</item>
					<item id="120">
						<description>7TV</description>
						<label>7TV Mediathek</label>
						<label2></label2>
						<icon>$INFO[System.AddonIcon(plugin.video.7tvneu)]</icon>
						<onclick>Dialog.Close(all)</onclick>
						<onclick condition="System.hasAddon(plugin.video.7tvneu)">RunAddon(plugin.video.7tvneu)</onclick>
						<visible>System.hasAddon(plugin.video.7tvneu)</visible>
					</item>
					<item id="175">
						<description>7TV-Live</description>
						<label>7TV-Live</label>
						<label2></label2>
						<icon>$INFO[System.AddonIcon(plugin.video.7tv_live)]</icon>
						<onclick>Dialog.Close(all)</onclick>
						<onclick condition="System.hasAddon(plugin.video.7tv_live)">RunAddon(plugin.video.7tv_live)</onclick>
						<visible>System.hasAddon(plugin.video.7tv_live)</visible>
					</item>
					<item id="25">
						<description>Akibapass</description>
						<label>Akibapass</label>
						<label2></label2>
						<icon>$INFO[System.AddonIcon(plugin.video.akibapass)]</icon>
						<onclick>Dialog.Close(all)</onclick>
						<onclick condition="System.hasAddon(plugin.video.akibapass)">RunAddon(plugin.video.akibapass)</onclick>
						<visible>System.hasAddon(plugin.video.akibapass)</visible>
					</item>
					<item id="26">
						<description>AMV News</description>
						<label>AMV News</label>
						<label2></label2>
						<icon>$INFO[System.AddonIcon(plugin.video.amvnews)]</icon>
						<onclick>Dialog.Close(all)</onclick>
						<onclick condition="System.hasAddon(plugin.video.amvnews)">RunAddon(plugin.video.amvnews)</onclick>
						<visible>System.hasAddon(plugin.video.amvnews)</visible>
					</item>
					<item id="27">
						<description>Animexx Videos</description>
						<label>Animexx Videos</label>
						<label2></label2>
						<icon>$INFO[System.AddonIcon(plugin.video.animexx)]</icon>
						<onclick>Dialog.Close(all)</onclick>
						<onclick condition="System.hasAddon(plugin.video.animexx)">RunAddon(plugin.video.animexx)</onclick>
						<visible>System.hasAddon(plugin.video.animexx)</visible>
					</item>
					<item id="28">
						<description>Anime on Demand</description>
						<label>Anime on Demand</label>
						<label2></label2>
						<icon>$INFO[System.AddonIcon(plugin.video.aod)]</icon>
						<onclick>Dialog.Close(all)</onclick>
						<onclick condition="System.hasAddon(plugin.video.aod)">RunAddon(plugin.video.aod)</onclick>
						<visible>System.hasAddon(plugin.video.aod)</visible>
					</item>
					<item id="121">
						<description>ARD Mediathek</description>
						<label>ARD Mediathek Beta</label>
						<label2></label2>
						<icon>$INFO[System.AddonIcon(plugin.video.ardmediathek)]</icon>
						<onclick>Dialog.Close(all)</onclick>
						<onclick condition="System.hasAddon(plugin.video.ardmediathek)">RunAddon(plugin.video.ardmediathek)</onclick>
						<visible>System.hasAddon(plugin.video.ardmediathek)</visible>
					</item>
					<item id="122">
						<description>ARD Mediathek</description>
						<label>ARD Mediathek</label>
						<label2></label2>
						<icon>$INFO[System.AddonIcon(plugin.video.ardmediathek_de)]</icon>
						<onclick>Dialog.Close(all)</onclick>
						<onclick condition="System.hasAddon(plugin.video.ardmediathek_de)">RunAddon(plugin.video.ardmediathek_de)</onclick>
						<visible>System.hasAddon(plugin.video.ardmediathek_de)</visible>
					</item>
					<item id="123">
						<description>ARD Mediathek</description>
						<label>ARD Multicam</label>
						<label2></label2>
						<icon>$INFO[System.AddonIcon(plugin.video.ardmulticam)]</icon>
						<onclick>Dialog.Close(all)</onclick>
						<onclick condition="System.hasAddon(plugin.video.ardmulticam)">RunAddon(plugin.video.ardmulticam)</onclick>
						<visible>System.hasAddon(plugin.video.ardmulticam)</visible>
					</item>
					<item id="101">
						<description>ARD und ZDF</description>
						<label>ARD und ZDF</label>
						<label2>ARD- und ZDF-Mediathek, einschließlich Live-TV mit Aufnahmefunktion, Merkliste, Live-Radio, Podcasts</label2>
						<icon>$INFO[System.AddonIcon(plugin.video.ardundzdf)]</icon>
						<onclick>Dialog.Close(all)</onclick>
						<onclick condition="System.hasAddon(plugin.video.ardundzdf)">RunAddon(plugin.video.ardundzdf)</onclick>
						<visible>System.hasAddon(plugin.video.ardundzdf)</visible>
					</item>
					<item id="7">
						<description>ARTE.TV</description>
						<label>ARTE.TV</label>
						<label2></label2>
						<icon>$INFO[System.AddonIcon(plugin.video.l0re.arte)]</icon>
						<onclick>Dialog.Close(all)</onclick>
						<onclick condition="System.hasAddon(plugin.video.l0re.arte)">RunAddon(plugin.video.l0re.arte)</onclick>
						<visible>System.hasAddon(plugin.video.l0re.arte)</visible>
					</item>
					<item id="124">
						<description>ARTE Mediathek (DE/FR)</description>
						<label>ARTE Mediathek (DE/FR)</label>
						<label2></label2>
						<icon>$INFO[System.AddonIcon(plugin.video.arte_tv)]</icon>
						<onclick>Dialog.Close(all)</onclick>
						<onclick condition="System.hasAddon(plugin.video.arte_tv)">RunAddon(plugin.video.arte_tv)</onclick>
						<visible>System.hasAddon(plugin.video.arte_tv)</visible>
					</item>
					<item id="125">
						<description>ARTE Mediathek</description>
						<label>ARTE Mediathek</label>
						<label2></label2>
						<icon>$INFO[System.AddonIcon(plugin.video.artemediathek)]</icon>
						<onclick>Dialog.Close(all)</onclick>
						<onclick condition="System.hasAddon(plugin.video.artemediathek)">RunAddon(plugin.video.artemediathek)</onclick>
						<visible>System.hasAddon(plugin.video.artemediathek)</visible>
					</item>
					<item id="126">
						<description>Arte +7</description>
						<label>Arte +7</label>
						<label2></label2>
						<icon>$INFO[System.AddonIcon(plugin.video.arteplussept)]</icon>
						<onclick>Dialog.Close(all)</onclick>
						<onclick condition="System.hasAddon(plugin.video.arteplussept)">RunAddon(plugin.video.arteplussept)</onclick>
						<visible>System.hasAddon(plugin.video.arteplussept)</visible>
					</item>
					<item id="29">
						<description>ATV.at - Mediathek</description>
						<label>ATV.at - Mediathek</label>
						<label2></label2>
						<icon>$INFO[System.AddonIcon(plugin.video.atv_at)]</icon>
						<onclick>Dialog.Close(all)</onclick>
						<onclick condition="System.hasAddon(plugin.video.atv_at)">RunAddon(plugin.video.atv_at)</onclick>
						<visible>System.hasAddon(plugin.video.atv_at)</visible>
					</item>
					<item id="31">
						<description>Bayerisches Fernsehen</description>
						<label>Bayerisches Fernsehen</label>
						<label2></label2>
						<icon>$INFO[System.AddonIcon(plugin.video.br3)]</icon>
						<onclick>Dialog.Close(all)</onclick>
						<onclick condition="System.hasAddon(plugin.video.br3)">RunAddon(plugin.video.br3)</onclick>
						<visible>System.hasAddon(plugin.video.br3)</visible>
					</item>
					<item id="127">
						<description>BBC iPlayer</description>
						<label>BBC iPlayer</label>
						<label2></label2>
						<icon>$INFO[System.AddonIcon(plugin.video.bbciplayer)]</icon>
						<onclick>Dialog.Close(all)</onclick>
						<onclick condition="System.hasAddon(plugin.video.bbciplayer)">RunAddon(plugin.video.bbciplayer)</onclick>
						<visible>System.hasAddon(plugin.video.bbciplayer)</visible>
					</item>
					<item id="107">
						<description>BFI Player </description>
						<label>BFI Player </label>
						<label2></label2>
						<icon>$INFO[System.AddonIcon(plugin.video.bfi)]</icon>
						<onclick>Dialog.Close(all)</onclick>
						<onclick condition="System.hasAddon(plugin.video.bfi)">RunAddon(plugin.video.bfi)</onclick>
						<visible>System.hasAddon(plugin.video.bfi)</visible>
					</item>
					<item id="5">
						<description>Bollithek</description>
						<label>Bollithek</label>
						<label2></label2>
						<icon>$INFO[System.AddonIcon(plugin.video.l0re.Bollywood)]</icon>
						<onclick>Dialog.Close(all)</onclick>
						<onclick condition="System.hasAddon(plugin.video.l0re.Bollywood)">RunAddon(plugin.video.l0re.Bollywood)</onclick>
						<visible>System.hasAddon(plugin.video.l0re.Bollywood)</visible>
					</item>
					<item id="8">
						<description>Borussia Dortmund Mediathek</description>
						<label>Borussia Dortmund Mediathek</label>
						<label2></label2>
						<icon>$INFO[System.AddonIcon(plugin.video.l0re.bvbtotal)]</icon>
						<onclick>Dialog.Close(all)</onclick>
						<onclick condition="System.hasAddon(plugin.video.l0re.bvbtotal)">RunAddon(plugin.video.l0re.bvbtotal)</onclick>
						<visible>System.hasAddon(plugin.video.l0re.bvbtotal)</visible>
					</item>
					<item id="129">
						<description>BR Mediathek</description>
						<label>BR Mediathek</label>
						<label2></label2>
						<icon>$INFO[System.AddonIcon(plugin.video.brmediathek)]</icon>
						<onclick>Dialog.Close(all)</onclick>
						<onclick condition="System.hasAddon(plugin.video.brmediathek)">RunAddon(plugin.video.brmediathek)</onclick>
						<visible>System.hasAddon(plugin.video.brmediathek)</visible>
					</item>
					<item id="116">
						<description>British Council Film</description>
						<label>British Council Film</label>
						<label2></label2>
						<icon>$INFO[System.AddonIcon(plugin.video.bcf)]</icon>
						<onclick>Dialog.Close(all)</onclick>
						<onclick condition="System.hasAddon(plugin.video.bcf)">RunAddon(plugin.video.bcf)</onclick>
						<visible>System.hasAddon(plugin.video.bcf)</visible>
					</item>
					<item id="113">
						<description>British Pathé and the Reuters historical collection</description>
						<label>British Pathé and the Reuters historical collection</label>
						<label2></label2>
						<icon>$INFO[System.AddonIcon(plugin.video.bp)]</icon>
						<onclick>Dialog.Close(all)</onclick>
						<onclick condition="System.hasAddon(plugin.video.bp)">RunAddon(plugin.video.bp)</onclick>
						<visible>System.hasAddon(plugin.video.bp)</visible>
					</item>
					<item id="30">
						<description>Bundesliga bei Bild</description>
						<label>Bundesliga bei Bild</label>
						<label2></label2>
						<icon>$INFO[System.AddonIcon(plugin.video.bild_bundesliga)]</icon>
						<onclick>Dialog.Close(all)</onclick>
						<onclick condition="System.hasAddon(plugin.video.bild_bundesliga)">RunAddon(plugin.video.bild_bundesliga)</onclick>
						<visible>System.hasAddon(plugin.video.bild_bundesliga)</visible>
					</item>
					<item id="33">
						<description>Chefkoch.de</description>
						<label>Chefkoch.de</label>
						<label2></label2>
						<icon>$INFO[System.AddonIcon(plugin.video.chefkoch_de)]</icon>
						<onclick>Dialog.Close(all)</onclick>
						<onclick condition="System.hasAddon(plugin.video.chefkoch_de)">RunAddon(plugin.video.chefkoch_de)</onclick>
						<visible>System.hasAddon(plugin.video.chefkoch_de)</visible>
					</item>
					<item id="34">
						<description>ChristTVRadio</description>
						<label>ChristTVRadio</label>
						<label2></label2>
						<icon>$INFO[System.AddonIcon(plugin.video.christtvradio)]</icon>
						<onclick>Dialog.Close(all)</onclick>
						<onclick condition="System.hasAddon(plugin.video.christtvradio)">RunAddon(plugin.video.christtvradio)</onclick>
						<visible>System.hasAddon(plugin.video.christtvradio)</visible>
					</item>
					<item id="9">
						<description>Cinetrailer</description>
						<label>Cinetrailer</label>
						<label2></label2>
						<icon>$INFO[System.AddonIcon(plugin.video.l0re.cinetrailer)]</icon>
						<onclick>Dialog.Close(all)</onclick>
						<onclick condition="System.hasAddon(plugin.video.l0re.cinetrailer)">RunAddon(plugin.video.l0re.cinetrailer)</onclick>
						<visible>System.hasAddon(plugin.video.l0re.cinetrailer)</visible>
					</item>
					<item id="132">
						<description>Clipfish</description>
						<label>Clipfish</label>
						<label2></label2>
						<icon>$INFO[System.AddonIcon(plugin.video.clipfish.de)]</icon>
						<onclick>Dialog.Close(all)</onclick>
						<onclick condition="System.hasAddon(plugin.video.clipfish.de)">RunAddon(plugin.video.clipfish.de)</onclick>
						<visible>System.hasAddon(plugin.video.clipfish.de)</visible>
					</item>
					<item id="133">
						<description>CNN</description>
						<label>CNN</label>
						<label2></label2>
						<icon>$INFO[System.AddonIcon(plugin.video.cnn)]</icon>
						<onclick>Dialog.Close(all)</onclick>
						<onclick condition="System.hasAddon(plugin.video.cnn)">RunAddon(plugin.video.cnn)</onclick>
						<visible>System.hasAddon(plugin.video.cnn)</visible>
					</item>
					<item id="10">
						<description>Comedycentral</description>
						<label>Comedycentral</label>
						<label2></label2>
						<icon>$INFO[System.AddonIcon(plugin.video.l0re.comedycentral)]</icon>
						<onclick>Dialog.Close(all)</onclick>
						<onclick condition="System.hasAddon(plugin.video.l0re.comedycentral)">RunAddon(plugin.video.l0re.comedycentral)</onclick>
						<visible>System.hasAddon(plugin.video.l0re.comedycentral)</visible>
					</item>
					<item id="35">
						<description>DailyMotion</description>
						<label>DailyMotion</label>
						<label2></label2>
						<icon>$INFO[System.AddonIcon(plugin.video.dailymotion)]</icon>
						<onclick>Dialog.Close(all)</onclick>
						<onclick condition="System.hasAddon(plugin.video.dailymotion)">RunAddon(plugin.video.dailymotion)</onclick>
						<visible>System.hasAddon(plugin.video.dailymotion)</visible>
					</item>
					<item id="134">
						<description>DailyMotion.com</description>
						<label>DailyMotion.com</label>
						<label2></label2>
						<icon>$INFO[System.AddonIcon(plugin.video.dailymotion_com)]</icon>
						<onclick>Dialog.Close(all)</onclick>
						<onclick condition="System.hasAddon(plugin.video.dailymotion_com)">RunAddon(plugin.video.dailymotion_com)</onclick>
						<visible>System.hasAddon(plugin.video.dailymotion_com)</visible>
					</item>
					<item id="135">
						<description>Das Erste Mediathek</description>
						<label>Das Erste Mediathek</label>
						<label2></label2>
						<icon>$INFO[System.AddonIcon(plugin.video.daserstemediathek)]</icon>
						<onclick>Dialog.Close(all)</onclick>
						<onclick condition="System.hasAddon(plugin.video.daserstemediathek)">RunAddon(plugin.video.daserstemediathek)</onclick>
						<visible>System.hasAddon(plugin.video.daserstemediathek)</visible>
					</item>
					<item id="36">
						<description>Deluxe Music</description>
						<label>Deluxe Music</label>
						<label2></label2>
						<icon>$INFO[System.AddonIcon(plugin.video.deluxemusic)]</icon>
						<onclick>Dialog.Close(all)</onclick>
						<onclick condition="System.hasAddon(plugin.video.deluxemusic)">RunAddon(plugin.video.deluxemusic)</onclick>
						<visible>System.hasAddon(plugin.video.deluxemusic)</visible>
					</item>
					<item id="110">
						<description>Deutsche Welle</description>
						<label>Deutsche Welle</label>
						<label2></label2>
						<icon>$INFO[System.AddonIcon(plugin.video.dw)]</icon>
						<onclick>Dialog.Close(all)</onclick>
						<onclick condition="System.hasAddon(plugin.video.dw)">RunAddon(plugin.video.dw)</onclick>
						<visible>System.hasAddon(plugin.video.dw)</visible>
					</item>
					<item id="37">
						<description>DFB TV</description>
						<label>DFB TV</label>
						<label2></label2>
						<icon>$INFO[System.AddonIcon(plugin.video.dfb_tv)]</icon>
						<onclick>Dialog.Close(all)</onclick>
						<onclick condition="System.hasAddon(plugin.video.dfb_tv)">RunAddon(plugin.video.dfb_tv)</onclick>
						<visible>System.hasAddon(plugin.video.dfb_tv)</visible>
					</item>
					<item id="11">
						<description>Disney Channel Deutschland</description>
						<label>Disney Channel Deutschland</label>
						<label2></label2>
						<icon>$INFO[System.AddonIcon(plugin.video.l0re.disneychannel)]</icon>
						<onclick>Dialog.Close(all)</onclick>
						<onclick condition="System.hasAddon(plugin.video.l0re.disneychannel)">RunAddon(plugin.video.l0re.disneychannel)</onclick>
						<visible>System.hasAddon(plugin.video.l0re.disneychannel)</visible>
					</item>
					<item id="136">
						<description>DisneyChannel.de</description>
						<label>DisneyChannel.de</label>
						<label2></label2>
						<icon>$INFO[System.AddonIcon(plugin.video.disneychannel_de)]</icon>
						<onclick>Dialog.Close(all)</onclick>
						<onclick condition="System.hasAddon(plugin.video.disneychannel_de)">RunAddon(plugin.video.disneychannel_de)</onclick>
						<visible>System.hasAddon(plugin.video.disneychannel_de)</visible>
					</item>
					<item id="130">
						<description>DMAX.de</description>
						<label>DMAX.de</label>
						<label2></label2>
						<icon>$INFO[System.AddonIcon(plugin.video.bromix.dmax_de)]</icon>
						<onclick>Dialog.Close(all)</onclick>
						<onclick condition="System.hasAddon(plugin.video.bromix.dmax_de)">RunAddon(plugin.video.bromix.dmax_de)</onclick>
						<visible>System.hasAddon(plugin.video.bromix.dmax_de)</visible>
					</item>					
					<item id="12">
						<description>DMAX Mediathek</description>
						<label>DMAX Mediathek</label>
						<label2></label2>
						<icon>$INFO[System.AddonIcon(plugin.video.l0re.dmax)]</icon>
						<onclick>Dialog.Close(all)</onclick>
						<onclick condition="System.hasAddon(plugin.video.l0re.dmax)">RunAddon(plugin.video.l0re.dmax)</onclick>
						<visible>System.hasAddon(plugin.video.l0re.dmax)</visible>
					</item>
					<item id="137">
						<description>DMAX Videothek</description>
						<label>DMAX Videothek</label>
						<label2></label2>
						<icon>$INFO[System.AddonIcon(plugin.video.dmax)]</icon>
						<onclick>Dialog.Close(all)</onclick>
						<onclick condition="System.hasAddon(plugin.video.dmax)">RunAddon(plugin.video.dmax)</onclick>
						<visible>System.hasAddon(plugin.video.dmax)</visible>
					</item>
					<item id="138">
						<description>DMAX.de</description>
						<label>DMAX.de</label>
						<label2></label2>
						<icon>$INFO[System.AddonIcon(plugin.video.dmax_de)]</icon>
						<onclick>Dialog.Close(all)</onclick>
						<onclick condition="System.hasAddon(plugin.video.dmax_de)">RunAddon(plugin.video.dmax_de)</onclick>
						<visible>System.hasAddon(plugin.video.dmax_de)</visible>
					</item>
					<item id="39">
						<description>Doku5</description>
						<label>Doku5</label>
						<label2></label2>
						<icon>$INFO[System.AddonIcon(plugin.video.doku5.com)]</icon>
						<onclick>Dialog.Close(all)</onclick>
						<onclick condition="System.hasAddon(plugin.video.doku5.com)">RunAddon(plugin.video.doku5.com)</onclick>
						<visible>System.hasAddon(plugin.video.doku5.com)</visible>
					</item>
					<item id="40">
						<description>dokumonster.de</description>
						<label>dokumonster.de</label>
						<label2></label2>
						<icon>$INFO[System.AddonIcon(plugin.video.dokumonster)]</icon>
						<onclick>Dialog.Close(all)</onclick>
						<onclick condition="System.hasAddon(plugin.video.dokumonster)">RunAddon(plugin.video.dokumonster)</onclick>
						<visible>System.hasAddon(plugin.video.dokumonster)</visible>
					</item>
					<item id="38">
						<description>Doku-Stream.org</description>
						<label>Doku-Stream.org</label>
						<label2></label2>
						<icon>$INFO[System.AddonIcon(plugin.video.doku-stream.org)]</icon>
						<onclick>Dialog.Close(all)</onclick>
						<onclick condition="System.hasAddon(plugin.video.doku-stream.org)">RunAddon(plugin.video.doku-stream.org)</onclick>
						<visible>System.hasAddon(plugin.video.doku-stream.org)</visible>
					</item>
					<item id="41">
						<description>Dokustreams.de</description>
						<label>Dokustreams.de</label>
						<label2></label2>
						<icon>$INFO[System.AddonIcon(plugin.video.dokustreams.de)]</icon>
						<onclick>Dialog.Close(all)</onclick>
						<onclick condition="System.hasAddon(plugin.video.dokustreams.de)">RunAddon(plugin.video.dokustreams.de)</onclick>
						<visible>System.hasAddon(plugin.video.dokustreams.de)</visible>
					</item>
					<item id="103">
						<description>East Anglian Film Archive website </description>
						<label>East Anglian Film Archive website </label>
						<label2></label2>
						<icon>$INFO[System.AddonIcon(plugin.video.eafa)]</icon>
						<onclick>Dialog.Close(all)</onclick>
						<onclick condition="System.hasAddon(plugin.video.eafa)">RunAddon(plugin.video.eafa)</onclick>
						<visible>System.hasAddon(plugin.video.eafa)</visible>
					</item>
					<item id="176">
						<description>ESA Videos</description>
						<label>ESA Videos</label>
						<label2></label2>
						<icon>$INFO[System.AddonIcon(plugin.video.esa)]</icon>
						<onclick>Dialog.Close(all)</onclick>
						<onclick condition="System.hasAddon(plugin.video.esa)">RunAddon(plugin.video.esa)</onclick>
						<visible>System.hasAddon(plugin.video.esa)</visible>
					</item>
					<item id="42">
						<description>euronews.com</description>
						<label>euronews.com</label>
						<label2></label2>
						<icon>$INFO[System.AddonIcon(plugin.video.euronews_com)]</icon>
						<onclick>Dialog.Close(all)</onclick>
						<onclick condition="System.hasAddon(plugin.video.euronews_com)">RunAddon(plugin.video.euronews_com)</onclick>
						<visible>System.hasAddon(plugin.video.euronews_com)</visible>
					</item>
					<item id="139">
						<description>Euronews</description>
						<label>Euronews</label>
						<label2></label2>
						<icon>$INFO[System.AddonIcon(plugin.video.euronews.com)]</icon>
						<onclick>Dialog.Close(all)</onclick>
						<onclick condition="System.hasAddon(plugin.video.euronews.com)">RunAddon(plugin.video.euronews.com)</onclick>
						<visible>System.hasAddon(plugin.video.euronews.com)</visible>
					</item>
					<item id="43">
						<description>Eurosport</description>
						<label>Eurosport</label>
						<label2></label2>
						<icon>$INFO[System.AddonIcon(plugin.video.eurosport)]</icon>
						<onclick>Dialog.Close(all)</onclick>
						<onclick condition="System.hasAddon(plugin.video.eurosport)">RunAddon(plugin.video.eurosport)</onclick>
						<visible>System.hasAddon(plugin.video.eurosport)</visible>
					</item>
					<item id="104">
						<description>Eye Filmmuseum </description>
						<label>Eye Filmmuseum </label>
						<label2></label2>
						<icon>$INFO[System.AddonIcon(plugin.video.eye)]</icon>
						<onclick>Dialog.Close(all)</onclick>
						<onclick condition="System.hasAddon(plugin.video.eye)">RunAddon(plugin.video.eye)</onclick>
						<visible>System.hasAddon(plugin.video.eye)</visible>
					</item>
					<item id="14">
						<description>FC St. Pauli Mediathek</description>
						<label>FC St. Pauli Mediathek</label>
						<label2></label2>
						<icon>$INFO[System.AddonIcon(plugin.video.l0re.fcstpauli)]</icon>
						<onclick>Dialog.Close(all)</onclick>
						<onclick condition="System.hasAddon(plugin.video.l0re.fcstpauli)">RunAddon(plugin.video.l0re.fcstpauli)</onclick>
						<visible>System.hasAddon(plugin.video.l0re.fcstpauli)</visible>
					</item>
					<item id="15">
						<description>Filmfriend (dev)</description>
						<label>Filmfriend (dev)</label>
						<label2></label2>
						<icon>$INFO[System.AddonIcon(plugin.video.l0re.filmfriend)]</icon>
						<onclick>Dialog.Close(all)</onclick>
						<onclick condition="System.hasAddon(plugin.video.l0re.filmfriend)">RunAddon(plugin.video.l0re.filmfriend)</onclick>
						<visible>System.hasAddon(plugin.video.l0re.filmfriend)</visible>
					</item>
					<item id="45">
						<description>Filmstarts</description>
						<label>Filmstarts</label>
						<label2></label2>
						<icon>$INFO[System.AddonIcon(plugin.video.filmstarts)]</icon>
						<onclick>Dialog.Close(all)</onclick>
						<onclick condition="System.hasAddon(plugin.video.filmstarts)">RunAddon(plugin.video.filmstarts)</onclick>
						<visible>System.hasAddon(plugin.video.filmstarts)</visible>
					</item>
						<item id="140">
						<description>FilmStarts.de (Old)</description>
						<label>FilmStarts.de (Old)</label>
						<label2></label2>
						<icon>$INFO[System.AddonIcon(plugin.video.filmstarts_de)]</icon>
						<onclick>Dialog.Close(all)</onclick>
						<onclick condition="System.hasAddon(plugin.video.filmstarts_de)">RunAddon(plugin.video.filmstarts_de)</onclick>
						<visible>System.hasAddon(plugin.video.filmstarts_de)</visible>
					</item>				
					<item id="16">
						<description>Fohlen TV(Borussia Mönchengladbach)</description>
						<label>Fohlen TV(Borussia Mönchengladbach)</label>
						<label2></label2>
						<icon>$INFO[System.AddonIcon(plugin.video.l0re.fohlentv)]</icon>
						<onclick>Dialog.Close(all)</onclick>
						<onclick condition="System.hasAddon(plugin.video.l0re.fohlentv)">RunAddon(plugin.video.l0re.fohlentv)</onclick>
						<visible>System.hasAddon(plugin.video.l0re.fohlentv)</visible>
					</item>
					<item id="141">
						<description>Funk Mediathek</description>
						<label>Funk Mediathek</label>
						<label2></label2>
						<icon>$INFO[System.AddonIcon(plugin.video.funkmediathek)]</icon>
						<onclick>Dialog.Close(all)</onclick>
						<onclick condition="System.hasAddon(plugin.video.funkmediathek)">RunAddon(plugin.video.funkmediathek)</onclick>
						<visible>System.hasAddon(plugin.video.funkmediathek)</visible>
					</item>				
					<item id="46">
						<description>Galileo</description>
						<label>Galileo</label>
						<label2></label2>
						<icon>$INFO[System.AddonIcon(plugin.video.galileo)]</icon>
						<onclick>Dialog.Close(all)</onclick>
						<onclick condition="System.hasAddon(plugin.video.galileo)">RunAddon(plugin.video.galileo)</onclick>
						<visible>System.hasAddon(plugin.video.galileo)</visible>
					</item>
					<item id="47">
						<description>GIGA.de</description>
						<label>GIGA.de</label>
						<label2></label2>
						<icon>$INFO[System.AddonIcon(plugin.video.giga_de)]</icon>
						<onclick>Dialog.Close(all)</onclick>
						<onclick condition="System.hasAddon(plugin.video.giga_de)">RunAddon(plugin.video.giga_de)</onclick>
						<visible>System.hasAddon(plugin.video.giga_de)</visible>
					</item>
					<item id="17">
						<description>Hamburger SV Mediathek</description>
						<label>Hamburger SV Mediathek</label>
						<label2></label2>
						<icon>$INFO[System.AddonIcon(plugin.video.l0re.hsv)]</icon>
						<onclick>Dialog.Close(all)</onclick>
						<onclick condition="System.hasAddon(plugin.video.l0re.hsv)">RunAddon(plugin.video.l0re.hsv)</onclick>
						<visible>System.hasAddon(plugin.video.l0re.hsv)</visible>
					</item>
					<item id="48">
						<description>HLTV</description>
						<label>HLTV</label>
						<label2></label2>
						<icon>$INFO[System.AddonIcon(plugin.video.hltv)]</icon>
						<onclick>Dialog.Close(all)</onclick>
						<onclick condition="System.hasAddon(plugin.video.hltv)">RunAddon(plugin.video.hltv)</onclick>
						<visible>System.hasAddon(plugin.video.hltv)</visible>
					</item>
					<item id="142">
						<description>HR Mediathek</description>
						<label>HR Mediathek</label>
						<label2></label2>
						<icon>$INFO[System.AddonIcon(plugin.video.hrmediathek)]</icon>
						<onclick>Dialog.Close(all)</onclick>
						<onclick condition="System.hasAddon(plugin.video.hrmediathek)">RunAddon(plugin.video.hrmediathek)</onclick>
						<visible>System.hasAddon(plugin.video.hrmediathek)</visible>
					</item>
					<item id="115">
						<description>Imperial War Museum film archive</description>
						<label>Imperial War Museum film archive</label>
						<label2></label2>
						<icon>$INFO[System.AddonIcon(plugin.video.iwm)]</icon>
						<onclick>Dialog.Close(all)</onclick>
						<onclick condition="System.hasAddon(plugin.video.iwm)">RunAddon(plugin.video.iwm)</onclick>
						<visible>System.hasAddon(plugin.video.iwm)</visible>
					</item>
					<item id="177">
						<description>iPlayer WWW</description>
						<label>iPlayer WWW</label>
						<label2></label2>
						<icon>$INFO[System.AddonIcon(plugin.video.iplayerwww)]</icon>
						<onclick>Dialog.Close(all)</onclick>
						<onclick condition="System.hasAddon(plugin.video.iplayerwww)">RunAddon(plugin.video.iplayerwww)</onclick>
						<visible>System.hasAddon(plugin.video.iplayerwww)</visible>
					</item>
					<item id="114">
						<description>Japanese Animated Film Classics</description>
						<label>Japanese Animated Film Classics</label>
						<label2></label2>
						<icon>$INFO[System.AddonIcon(plugin.video.jafc)]</icon>
						<onclick>Dialog.Close(all)</onclick>
						<onclick condition="System.hasAddon(plugin.video.jafc)">RunAddon(plugin.video.jafc)</onclick>
						<visible>System.hasAddon(plugin.video.jafc)</visible>
					</item>
					<item id="49">
						<description>JimPanseGamer</description>
						<label>JimPanseGamer</label>
						<label2></label2>
						<icon>$INFO[System.AddonIcon(plugin.video.jim_panse_gamer)]</icon>
						<onclick>Dialog.Close(all)</onclick>
						<onclick condition="System.hasAddon(plugin.video.jim_panse_gamer)">RunAddon(plugin.video.jim_panse_gamer)</onclick>
						<visible>System.hasAddon(plugin.video.jim_panse_gamer)</visible>
					</item>
					<item id="50">
						<description>Joyn</description>
						<label>Joyn</label>
						<label2>Video On Demand und Live TV von Joyn</label2>
						<icon>$INFO[System.AddonIcon(plugin.video.joyn)]</icon>
						<onclick>Dialog.Close(all)</onclick>
						<onclick condition="System.hasAddon(plugin.video.joyn)">RunAddon(plugin.video.joyn)</onclick>
						<visible>System.hasAddon(plugin.video.joyn)</visible>
					</item>
					<item id="51">
						<description>Kicker.tv</description>
						<label>Kicker.tv</label>
						<label2></label2>
						<icon>$INFO[System.AddonIcon(plugin.video.kicker_tv)]</icon>
						<onclick>Dialog.Close(all)</onclick>
						<onclick condition="System.hasAddon(plugin.video.kicker_tv)">RunAddon(plugin.video.kicker_tv)</onclick>
						<visible>System.hasAddon(plugin.video.kicker_tv)</visible>
					</item>
					<item id="52">
						<description>KIKA+</description>
						<label>KIKA+</label>
						<label2></label2>
						<icon>$INFO[System.AddonIcon(plugin.video.kika_de)]</icon>
						<onclick>Dialog.Close(all)</onclick>
						<onclick condition="System.hasAddon(plugin.video.kika_de)">RunAddon(plugin.video.kika_de)</onclick>
						<visible>System.hasAddon(plugin.video.kika_de)</visible>
					</item>
					<item id="143">
						<description>KiKa Mediathek</description>
						<label>KiKa Mediathek</label>
						<label2></label2>
						<icon>$INFO[System.AddonIcon(plugin.video.kikamediathek)]</icon>
						<onclick>Dialog.Close(all)</onclick>
						<onclick condition="System.hasAddon(plugin.video.kikamediathek)">RunAddon(plugin.video.kikamediathek)</onclick>
						<visible>System.hasAddon(plugin.video.kikamediathek)</visible>
					</item>
					<item id="144">
						<description>Kikaninchen</description>
						<label>Kikaninchen</label>
						<label2></label2>
						<icon>$INFO[System.AddonIcon(plugin.video.kikaninchen)]</icon>
						<onclick>Dialog.Close(all)</onclick>
						<onclick condition="System.hasAddon(plugin.video.kikaninchen)">RunAddon(plugin.video.kikaninchen)</onclick>
						<visible>System.hasAddon(plugin.video.kikaninchen)</visible>
					</item>
					<item id="145">
						<description>Kinderkino.de</description>
						<label>Kinderkino.de</label>
						<label2></label2>
						<icon>$INFO[System.AddonIcon(plugin.video.kinderkino_de)]</icon>
						<onclick>Dialog.Close(all)</onclick>
						<onclick condition="System.hasAddon(plugin.video.kinderkino_de)">RunAddon(plugin.video.kinderkino_de)</onclick>
						<visible>System.hasAddon(plugin.video.kinderkino_de)</visible>
					</item>
					<item id="18">
						<description>Kinder Mediatheken</description>
						<label>Kinder Mediatheken</label>
						<label2></label2>
						<icon>$INFO[System.AddonIcon(plugin.video.l0re.kinder_mediatheken)]</icon>
						<onclick>Dialog.Close(all)</onclick>
						<onclick condition="System.hasAddon(plugin.video.l0re.kinder_mediatheken)">RunAddon(plugin.video.l0re.kinder_mediatheken)</onclick>
						<visible>System.hasAddon(plugin.video.l0re.kinder_mediatheken)</visible>
					</item>
					<item id="19">
						<description>Kividoo</description>
						<label>Kividoo</label>
						<label2></label2>
						<icon>$INFO[System.AddonIcon(plugin.video.l0re.kividoo)]</icon>
						<onclick>Dialog.Close(all)</onclick>
						<onclick condition="System.hasAddon(plugin.video.l0re.kividoo)">RunAddon(plugin.video.l0re.kividoo)</onclick>
						<visible>System.hasAddon(plugin.video.l0re.kividoo)</visible>
					</item>
					<item id="53">
						<description>Laola1 TV</description>
						<label>Laola1 TV</label>
						<label2></label2>
						<icon>$INFO[System.AddonIcon(plugin.video.laola1tv)]</icon>
						<onclick>Dialog.Close(all)</onclick>
						<onclick condition="System.hasAddon(plugin.video.laola1tv)">RunAddon(plugin.video.laola1tv)</onclick>
						<visible>System.hasAddon(plugin.video.laola1tv)</visible>
					</item>
					<item id="146">
						<description>Laola1.tv free</description>
						<label>Laola1.tv free</label>
						<label2></label2>
						<icon>$INFO[System.AddonIcon(plugin.video.laola1free)]</icon>
						<onclick>Dialog.Close(all)</onclick>
						<onclick condition="System.hasAddon(plugin.video.laola1free)">RunAddon(plugin.video.laola1free)</onclick>
						<visible>System.hasAddon(plugin.video.laola1free)</visible>
					</item>
					<item id="54">
						<description>Magine</description>
						<label>Magine</label>
						<label2></label2>
						<icon>$INFO[System.AddonIcon(plugin.video.magine)]</icon>
						<onclick>Dialog.Close(all)</onclick>
						<onclick condition="System.hasAddon(plugin.video.magine)">RunAddon(plugin.video.magine)</onclick>
						<visible>System.hasAddon(plugin.video.magine)</visible>
					</item>
					<item id="44">
						<description>Massengeschmack (Light)</description>
						<label>Massengeschmack (Light)</label>
						<label2></label2>
						<icon>$INFO[System.AddonIcon(plugin.video.fernsehkritik_tv)]</icon>
						<onclick>Dialog.Close(all)</onclick>
						<onclick condition="System.hasAddon(plugin.video.fernsehkritik_tv)">RunAddon(plugin.video.fernsehkritik_tv)</onclick>
						<visible>System.hasAddon(plugin.video.fernsehkritik_tv)</visible>
					</item>
					<item id="55">
						<description>Maxdome</description>
						<label>Maxdome</label>
						<label2></label2>
						<icon>$INFO[System.AddonIcon(plugin.video.maxdome)]</icon>
						<onclick>Dialog.Close(all)</onclick>
						<onclick condition="System.hasAddon(plugin.video.maxdome)">RunAddon(plugin.video.maxdome)</onclick>
						<visible>System.hasAddon(plugin.video.maxdome)</visible>
					</item>
					<item id="147">
						<description>MDR Mediathek</description>
						<label>MDR Mediathek</label>
						<label2></label2>
						<icon>$INFO[System.AddonIcon(plugin.video.mdrmediathek)]</icon>
						<onclick>Dialog.Close(all)</onclick>
						<onclick condition="System.hasAddon(plugin.video.mdrmediathek)">RunAddon(plugin.video.mdrmediathek)</onclick>
						<visible>System.hasAddon(plugin.video.mdrmediathek)</visible>
					</item>
					<item id="148">
						<description>Mediathek</description>
						<label>Mediathek</label>
						<label2></label2>
						<icon>$INFO[System.AddonIcon(plugin.video.mediathek)]</icon>
						<onclick>Dialog.Close(all)</onclick>
						<onclick condition="System.hasAddon(plugin.video.mediathek)">RunAddon(plugin.video.mediathek)</onclick>
						<visible>System.hasAddon(plugin.video.mediathek)</visible>
					</item>
					<item id="56">
						<description>Mediathek Direkt</description>
						<label>Mediathek Direkt</label>
						<label2></label2>
						<icon>$INFO[System.AddonIcon(plugin.video.mediathekdirekt)]</icon>
						<onclick>Dialog.Close(all)</onclick>
						<onclick condition="System.hasAddon(plugin.video.mediathekdirekt)">RunAddon(plugin.video.mediathekdirekt)</onclick>
						<visible>System.hasAddon(plugin.video.mediathekdirekt)</visible>
					</item>
					<item id="149">
						<description>MediathekView</description>
						<label>MediathekView</label>
						<label2></label2>
						<icon>$INFO[System.AddonIcon(plugin.video.mediathekview)]</icon>
						<onclick>Dialog.Close(all)</onclick>
						<onclick condition="System.hasAddon(plugin.video.mediathekview)">RunAddon(plugin.video.mediathekview)</onclick>
						<visible>System.hasAddon(plugin.video.mediathekview)</visible>
					</item>
					<item id="57">
						<description>MediathekViewWeb</description>
						<label>MediathekViewWeb</label>
						<label2></label2>
						<icon>$INFO[System.AddonIcon(plugin.video.mediathekviewweb)]</icon>
						<onclick>Dialog.Close(all)</onclick>
						<onclick condition="System.hasAddon(plugin.video.mediathekviewweb)">RunAddon(plugin.video.mediathekviewweb)</onclick>
						<visible>System.hasAddon(plugin.video.mediathekviewweb)</visible>
					</item>
					<item id="20">
						<description>MTV Mediathek</description>
						<label>MTV Mediathek</label>
						<label2></label2>
						<icon>$INFO[System.AddonIcon(plugin.video.l0re.mtv)]</icon>
						<onclick>Dialog.Close(all)</onclick>
						<onclick condition="System.hasAddon(plugin.video.l0re.mtv)">RunAddon(plugin.video.l0re.mtv)</onclick>
						<visible>System.hasAddon(plugin.video.l0re.mtv)</visible>
					</item>
					<item id="150">
						<description>MTV.de</description>
						<label>MTV.de</label>
						<label2></label2>
						<icon>$INFO[System.AddonIcon(plugin.video.mtv_de)]</icon>
						<onclick>Dialog.Close(all)</onclick>
						<onclick condition="System.hasAddon(plugin.video.mtv_de)">RunAddon(plugin.video.mtv_de)</onclick>
						<visible>System.hasAddon(plugin.video.mtv_de)</visible>
					</item>
					<item id="58">
						<description>Music Video Mix</description>
						<label>Music Video Mix</label>
						<label2></label2>
						<icon>$INFO[System.AddonIcon(plugin.video.mvmix)]</icon>
						<onclick>Dialog.Close(all)</onclick>
						<onclick condition="System.hasAddon(plugin.video.mvmix)">RunAddon(plugin.video.mvmix)</onclick>
						<visible>System.hasAddon(plugin.video.mvmix)</visible>
					</item>
					<item id="59">
						<description>Myspass.de</description>
						<label>Myspass.de</label>
						<label2></label2>
						<icon>$INFO[System.AddonIcon(plugin.video.myspass_de)]</icon>
						<onclick>Dialog.Close(all)</onclick>
						<onclick condition="System.hasAddon(plugin.video.myspass_de)">RunAddon(plugin.video.myspass_de)</onclick>
						<visible>System.hasAddon(plugin.video.myspass_de)</visible>
					</item>
					<item id="60">
						<description>N24.de</description>
						<label>N24.de</label>
						<label2></label2>
						<icon>$INFO[System.AddonIcon(plugin.video.n24_de)]</icon>
						<onclick>Dialog.Close(all)</onclick>
						<onclick condition="System.hasAddon(plugin.video.n24_de)">RunAddon(plugin.video.n24_de)</onclick>
						<visible>System.hasAddon(plugin.video.n24_de)</visible>
					</item>
					<item id="61">
						<description>NASA</description>
						<label>NASA</label>
						<label2></label2>
						<icon>$INFO[System.AddonIcon(plugin.video.nasa)]</icon>
						<onclick>Dialog.Close(all)</onclick>
						<onclick condition="System.hasAddon(plugin.video.nasa)">RunAddon(plugin.video.nasa)</onclick>
						<visible>System.hasAddon(plugin.video.nasa)</visible>
					</item>
					<item id="106">
						<description>National Film Preservation Foundation</description>
						<label>National Film Preservation Foundation</label>
						<label2></label2>
						<icon>$INFO[System.AddonIcon(plugin.video.nfpf)]</icon>
						<onclick>Dialog.Close(all)</onclick>
						<onclick condition="System.hasAddon(plugin.video.nfpf)">RunAddon(plugin.video.nfpf)</onclick>
						<visible>System.hasAddon(plugin.video.nfpf)</visible>
					</item>
					<item id="108">
						<description>National Geographic</description>
						<label>National Geographic</label>
						<label2></label2>
						<icon>$INFO[System.AddonIcon(plugin.video.ng)]</icon>
						<onclick>Dialog.Close(all)</onclick>
						<onclick condition="System.hasAddon(plugin.video.ng)">RunAddon(plugin.video.ng)</onclick>
						<visible>System.hasAddon(plugin.video.ng)</visible>
					</item>
					<item id="112">
						<description>National Library of Scotland Moving Image Archive</description>
						<label>National Library of Scotland Moving Image Archive</label>
						<label2></label2>
						<icon>$INFO[System.AddonIcon(plugin.video.mia)]</icon>
						<onclick>Dialog.Close(all)</onclick>
						<onclick condition="System.hasAddon(plugin.video.mia)">RunAddon(plugin.video.mia)</onclick>
						<visible>System.hasAddon(plugin.video.mia)</visible>
					</item>
					<item id="151">
						<description>NDR Mediathek</description>
						<label>NDR Mediathek</label>
						<label2></label2>
						<icon>$INFO[System.AddonIcon(plugin.video.ndrmediathek)]</icon>
						<onclick>Dialog.Close(all)</onclick>
						<onclick condition="System.hasAddon(plugin.video.ndrmediathek)">RunAddon(plugin.video.ndrmediathek)</onclick>
						<visible>System.hasAddon(plugin.video.ndrmediathek)</visible>
					</item>
					<item id="172">
						<description>Netflix</description>
						<label>Netflix</label>
						<label2></label2>
						<icon>$INFO[System.AddonIcon(plugin.video.netflix)]</icon>
						<onclick>Dialog.Close(all)</onclick>
						<onclick condition="System.hasAddon(plugin.video.netflix)">RunAddon(plugin.video.netflix)</onclick>
						<visible>System.hasAddon(plugin.video.netflix)</visible>
					</item>
					<item id="62">
						<description>Netzkino</description>
						<label>Netzkino</label>
						<label2></label2>
						<icon>$INFO[System.AddonIcon(plugin.video.netzkino_de)]</icon>
						<onclick>Dialog.Close(all)</onclick>
						<onclick condition="System.hasAddon(plugin.video.netzkino_de)">RunAddon(plugin.video.netzkino_de)</onclick>
						<visible>System.hasAddon(plugin.video.netzkino_de)</visible>
					</item>
					<item id="152">
						<description>Neustarts</description>
						<label>Neustarts</label>
						<label2></label2>
						<icon>$INFO[System.AddonIcon(plugin.video.neustarts)]</icon>
						<onclick>Dialog.Close(all)</onclick>
						<onclick condition="System.hasAddon(plugin.video.neustarts)">RunAddon(plugin.video.neustarts)</onclick>
						<visible>System.hasAddon(plugin.video.neustarts)</visible>
					</item>
					<item id="105">
						<description>Ngā Taonga Sound & Vision </description>
						<label>Ngā Taonga Sound & Vision </label>
						<label2></label2>
						<icon>$INFO[System.AddonIcon(plugin.video.ntsv)]</icon>
						<onclick>Dialog.Close(all)</onclick>
						<onclick condition="System.hasAddon(plugin.video.ntsv)">RunAddon(plugin.video.ntsv)</onclick>
						<visible>System.hasAddon(plugin.video.ntsv)</visible>
					</item>
					<item id="63">
						<description>Nickelodeon.at</description>
						<label>Nickelodeon.at</label>
						<label2></label2>
						<icon>$INFO[System.AddonIcon(plugin.video.nick_at)]</icon>
						<onclick>Dialog.Close(all)</onclick>
						<onclick condition="System.hasAddon(plugin.video.nick_at)">RunAddon(plugin.video.nick_at)</onclick>
						<visible>System.hasAddon(plugin.video.nick_at)</visible>
					</item>
					<item id="64">
						<description>Nickelodeon.de</description>
						<label>Nickelodeon.de</label>
						<label2></label2>
						<icon>$INFO[System.AddonIcon(plugin.video.nick_de)]</icon>
						<onclick>Dialog.Close(all)</onclick>
						<onclick condition="System.hasAddon(plugin.video.nick_de)">RunAddon(plugin.video.nick_de)</onclick>
						<visible>System.hasAddon(plugin.video.nick_de)</visible>
					</item>
					<item id="94">
						<description>Oktoberfest</description>
						<label>Oktoberfest</label>
						<label2></label2>
						<icon>$INFO[System.AddonIcon(plugin.video.wiesn)]</icon>
						<onclick>Dialog.Close(all)</onclick>
						<onclick condition="System.hasAddon(plugin.video.wiesn)">RunAddon(plugin.video.wiesn)</onclick>
						<visible>System.hasAddon(plugin.video.wiesn)</visible>
					</item>
					<item id="65">
						<description>OSMOSIS</description>
						<label>OSMOSIS</label>
						<label2></label2>
						<icon>$INFO[System.AddonIcon(plugin.video.osmosis)]</icon>
						<onclick>Dialog.Close(all)</onclick>
						<onclick condition="System.hasAddon(plugin.video.osmosis)">RunAddon(plugin.video.osmosis)</onclick>
						<visible>System.hasAddon(plugin.video.osmosis)</visible>
					</item>
					<item id="153">
						<description>Phoenix Mediathek</description>
						<label>Phoenix Mediathek</label>
						<label2></label2>
						<icon>$INFO[System.AddonIcon(plugin.video.phoenixmediathek)]</icon>
						<onclick>Dialog.Close(all)</onclick>
						<onclick condition="System.hasAddon(plugin.video.phoenixmediathek)">RunAddon(plugin.video.phoenixmediathek)</onclick>
						<visible>System.hasAddon(plugin.video.phoenixmediathek)</visible>
					</item>
					<item id="109">
						<description>Prelinger Archives</description>
						<label>Prelinger Archives</label>
						<label2></label2>
						<icon>$INFO[System.AddonIcon(plugin.video.pa)]</icon>
						<onclick>Dialog.Close(all)</onclick>
						<onclick condition="System.hasAddon(plugin.video.pa)">RunAddon(plugin.video.pa)</onclick>
						<visible>System.hasAddon(plugin.video.pa)</visible>
					</item>
					<item id="21">
						<description>Premiership Rugby</description>
						<label>Premiership Rugby</label>
						<label2></label2>
						<icon>$INFO[System.AddonIcon(plugin.video.l0re.premiershiprugby)]</icon>
						<onclick>Dialog.Close(all)</onclick>
						<onclick condition="System.hasAddon(plugin.video.l0re.premiershiprugby)">RunAddon(plugin.video.l0re.premiershiprugby)</onclick>
						<visible>System.hasAddon(plugin.video.l0re.premiershiprugby)</visible>
					</item>
					<item id="66">
						<description>ProSiebenSat.1</description>
						<label>ProSiebenSat.1</label>
						<label2></label2>
						<icon>$INFO[System.AddonIcon(plugin.video.prosiebensat1)]</icon>
						<onclick>Dialog.Close(all)</onclick>
						<onclick condition="System.hasAddon(plugin.video.prosiebensat1)">RunAddon(plugin.video.prosiebensat1)</onclick>
						<visible>System.hasAddon(plugin.video.prosiebensat1)</visible>
					</item>
					<item id="171">
						<description>radio.de</description>
						<label>radio.de</label>
						<label2></label2>
						<icon>$INFO[System.AddonIcon(plugin.audio.radio_de)]</icon>
						<onclick>Dialog.Close(all)</onclick>
						<onclick condition="System.hasAddon(plugin.audio.radio_de)">RunAddon(plugin.audio.radio_de)</onclick>
						<visible>System.hasAddon(plugin.audio.radio_de)</visible>
					</item>			
					<item id="67">
						<description>ran</description>
						<label>ran</label>
						<label2></label2>
						<icon>$INFO[System.AddonIcon(plugin.video.ran_de)]</icon>
						<onclick>Dialog.Close(all)</onclick>
						<onclick condition="System.hasAddon(plugin.video.ran_de)">RunAddon(plugin.video.ran_de)</onclick>
						<visible>System.hasAddon(plugin.video.ran_de)</visible>
					</item>
					<item id="68">
						<description>Rocket Beans TV</description>
						<label>Rocket Beans TV</label>
						<label2></label2>
						<icon>$INFO[System.AddonIcon(plugin.video.rocketbeanstvlive)]</icon>
						<onclick>Dialog.Close(all)</onclick>
						<onclick condition="System.hasAddon(plugin.video.rocketbeanstvlive)">RunAddon(plugin.video.rocketbeanstvlive)</onclick>
						<visible>System.hasAddon(plugin.video.rocketbeanstvlive)</visible>
					</item>
					<item id="70">
						<description>Russian TV</description>
						<label>Russian TV</label>
						<label2></label2>
						<icon>$INFO[System.AddonIcon(plugin.video.russiantv)]</icon>
						<onclick>Dialog.Close(all)</onclick>
						<onclick condition="System.hasAddon(plugin.video.russiantv)">RunAddon(plugin.video.russiantv)</onclick>
						<visible>System.hasAddon(plugin.video.russiantv)</visible>
					</item>
					<item id="178">
						<description>Sandmann</description>
						<label>Sandmann</label>
						<label2></label2>
						<icon>$INFO[System.AddonIcon(plugin.video.sandmann)]</icon>
						<onclick>Dialog.Close(all)</onclick>
						<onclick condition="System.hasAddon(plugin.video.sandmann)">RunAddon(plugin.video.sandmann)</onclick>
						<visible>System.hasAddon(plugin.video.sandmann)</visible>
					</item>
					<item id="71">
						<description>ServusTV.com</description>
						<label>ServusTV.com</label>
						<label2></label2>
						<icon>$INFO[System.AddonIcon(plugin.video.servustv_com)]</icon>
						<onclick>Dialog.Close(all)</onclick>
						<onclick condition="System.hasAddon(plugin.video.servustv_com)">RunAddon(plugin.video.servustv_com)</onclick>
						<visible>System.hasAddon(plugin.video.servustv_com)</visible>
					</item>
					<item id="72">
						<description>Sesamstrasse.de</description>
						<label>Sesamstrasse.de</label>
						<label2></label2>
						<icon>$INFO[System.AddonIcon(plugin.video.sesamstrasse_de)]</icon>
						<onclick>Dialog.Close(all)</onclick>
						<onclick condition="System.hasAddon(plugin.video.sesamstrasse_de)">RunAddon(plugin.video.sesamstrasse_de)</onclick>
						<visible>System.hasAddon(plugin.video.sesamstrasse_de)</visible>
					</item>
					<item id="73">
						<description>Sky Mediathek</description>
						<label>Sky Mediathek</label>
						<label2></label2>
						<icon>$INFO[System.AddonIcon(plugin.video.sky_mediathek)]</icon>
						<onclick>Dialog.Close(all)</onclick>
						<onclick condition="System.hasAddon(plugin.video.sky_mediathek)">RunAddon(plugin.video.sky_mediathek)</onclick>
						<visible>System.hasAddon(plugin.video.sky_mediathek)</visible>
					</item>
					<item id="74">
						<description>Sky Go</description>
						<label>Sky Go</label>
						<label2></label2>
						<icon>$INFO[System.AddonIcon(plugin.video.skygo.de)]</icon>
						<onclick>Dialog.Close(all)</onclick>
						<onclick condition="System.hasAddon(plugin.video.skygo.de)">RunAddon(plugin.video.skygo.de)</onclick>
						<visible>System.hasAddon(plugin.video.skygo.de)</visible>
					</item>
					<item id="154">
						<description>Sky News</description>
						<label>Sky News</label>
						<label2></label2>
						<icon>$INFO[System.AddonIcon(plugin.video.skynews)]</icon>
						<onclick>Dialog.Close(all)</onclick>
						<onclick condition="System.hasAddon(plugin.video.skynews)">RunAddon(plugin.video.skynews)</onclick>
						<visible>System.hasAddon(plugin.video.skynews)</visible>
					</item>
					<item id="75">
						<description>Sky Sport Mediathek</description>
						<label>Sky Sport Mediathek</label>
						<label2></label2>
						<icon>$INFO[System.AddonIcon(plugin.video.skysport.de)]</icon>
						<onclick>Dialog.Close(all)</onclick>
						<onclick condition="System.hasAddon(plugin.video.skysport.de)">RunAddon(plugin.video.skysport.de)</onclick>
						<visible>System.hasAddon(plugin.video.skysport.de)</visible>
					</item>
					<item id="76">
						<description>Sky Ticket</description>
						<label>Sky Ticket</label>
						<label2></label2>
						<icon>$INFO[System.AddonIcon(plugin.video.skyticket.de)]</icon>
						<onclick>Dialog.Close(all)</onclick>
						<onclick condition="System.hasAddon(plugin.video.skyticket.de)">RunAddon(plugin.video.skyticket.de)</onclick>
						<visible>System.hasAddon(plugin.video.skyticket.de)</visible>
					</item>
					<item id="77">
						<description>Sovietmoviesonline</description>
						<label>Sovietmoviesonline</label>
						<label2></label2>
						<icon>$INFO[System.AddonIcon(plugin.video.sovietmoviesonline)]</icon>
						<onclick>Dialog.Close(all)</onclick>
						<onclick condition="System.hasAddon(plugin.video.sovietmoviesonline)">RunAddon(plugin.video.sovietmoviesonline)</onclick>
						<visible>System.hasAddon(plugin.video.sovietmoviesonline)</visible>
					</item>
					<item id="155">
						<description>Spiegel.tv</description>
						<label>Spiegel.tv</label>
						<label2></label2>
						<icon>$INFO[System.AddonIcon(plugin.video.spiegel_tv)]</icon>
						<onclick>Dialog.Close(all)</onclick>
						<onclick condition="System.hasAddon(plugin.video.spiegel_tv)">RunAddon(plugin.video.spiegel_tv)</onclick>
						<visible>System.hasAddon(plugin.video.spiegel_tv)</visible>
					</item>
					<item id="22">
						<description>SPIEGEL.TV</description>
						<label>SPIEGEL.TV</label>
						<label2></label2>
						<icon>$INFO[System.AddonIcon(plugin.video.l0re.spiegeltv)]</icon>
						<onclick>Dialog.Close(all)</onclick>
						<onclick condition="System.hasAddon(plugin.video.l0re.spiegeltv)">RunAddon(plugin.video.l0re.spiegeltv)</onclick>
						<visible>System.hasAddon(plugin.video.l0re.spiegeltv)</visible>
					</item>
					<item id="78">
						<description>Sport1</description>
						<label>Sport1</label>
						<label2></label2>
						<icon>$INFO[System.AddonIcon(plugin.video.sport1de)]</icon>
						<onclick>Dialog.Close(all)</onclick>
						<onclick condition="System.hasAddon(plugin.video.sport1de)">RunAddon(plugin.video.sport1de)</onclick>
						<visible>System.hasAddon(plugin.video.sport1de)</visible>
					</item>
					<item id="79">
						<description>Sportdeutschland.TV</description>
						<label>Sportdeutschland.TV</label>
						<label2></label2>
						<icon>$INFO[System.AddonIcon(plugin.video.sportdeutschland_tv)]</icon>
						<onclick>Dialog.Close(all)</onclick>
						<onclick condition="System.hasAddon(plugin.video.sportdeutschland_tv)">RunAddon(plugin.video.sportdeutschland_tv)</onclick>
						<visible>System.hasAddon(plugin.video.sportdeutschland_tv)</visible>
					</item>
					<item id="156">
						<description>Sportschau</description>
						<label>Sportschau</label>
						<label2></label2>
						<icon>$INFO[System.AddonIcon(plugin.video.sportschau)]</icon>
						<onclick>Dialog.Close(all)</onclick>
						<onclick condition="System.hasAddon(plugin.video.sportschau)">RunAddon(plugin.video.sportschau)</onclick>
						<visible>System.hasAddon(plugin.video.sportschau)</visible>
					</item>
					<item id="80">
						<description>Sport-Total TV</description>
						<label>Sport-Total TV</label>
						<label2></label2>
						<icon>$INFO[System.AddonIcon(plugin.video.sporttotal)]</icon>
						<onclick>Dialog.Close(all)</onclick>
						<onclick condition="System.hasAddon(plugin.video.sporttotal)">RunAddon(plugin.video.sporttotal)</onclick>
						<visible>System.hasAddon(plugin.video.sporttotal)</visible>
					</item>
					<item id="173">
						<description>Spotify</description>
						<label>Spotify</label>
						<label2></label2>
						<icon>$INFO[System.AddonIcon(plugin.audio.spotify)]</icon>
						<onclick>Dialog.Close(all)</onclick>
						<onclick condition="System.hasAddon(plugin.audio.spotify)">RunAddon(plugin.audio.spotify)</onclick>
						<visible>System.hasAddon(plugin.audio.spotify)</visible>
					</item>
					<item id="157">
						<description>SR Mediathek</description>
						<label>SR Mediathek</label>
						<label2></label2>
						<icon>$INFO[System.AddonIcon(plugin.video.srmediathek)]</icon>
						<onclick>Dialog.Close(all)</onclick>
						<onclick condition="System.hasAddon(plugin.video.srmediathek)">RunAddon(plugin.video.srmediathek)</onclick>
						<visible>System.hasAddon(plugin.video.srmediathek)</visible>
					</item>				
					<item id="82">
						<description>Steam Community</description>
						<label>Steam Community</label>
						<label2></label2>
						<icon>$INFO[System.AddonIcon(plugin.video.steamcommunity)]</icon>
						<onclick>Dialog.Close(all)</onclick>
						<onclick condition="System.hasAddon(plugin.video.steamcommunity)">RunAddon(plugin.video.steamcommunity)</onclick>
						<visible>System.hasAddon(plugin.video.steamcommunity)</visible>
					</item>
					<item id="83">
						<description>stoersender.tv</description>
						<label>stoersender.tv</label>
						<label2></label2>
						<icon>$INFO[System.AddonIcon(plugin.video.stoersendertv)]</icon>
						<onclick>Dialog.Close(all)</onclick>
						<onclick condition="System.hasAddon(plugin.video.stoersendertv)">RunAddon(plugin.video.stoersendertv)</onclick>
						<visible>System.hasAddon(plugin.video.stoersendertv)</visible>
					</item>
					<item id="158">
						<description>SWR Mediathek</description>
						<label>SWR Mediathek</label>
						<label2></label2>
						<icon>$INFO[System.AddonIcon(plugin.video.swrmediathek)]</icon>
						<onclick>Dialog.Close(all)</onclick>
						<onclick condition="System.hasAddon(plugin.video.swrmediathek)">RunAddon(plugin.video.swrmediathek)</onclick>
						<visible>System.hasAddon(plugin.video.swrmediathek)</visible>
					</item>	
					<item id="159">
						<description>Tagesschau</description>
						<label>Tagesschau</label>
						<label2></label2>
						<icon>$INFO[System.AddonIcon(plugin.video.tagesschau)]</icon>
						<onclick>Dialog.Close(all)</onclick>
						<onclick condition="System.hasAddon(plugin.video.tagesschau)">RunAddon(plugin.video.tagesschau)</onclick>
						<visible>System.hasAddon(plugin.video.tagesschau)</visible>
					</item>	
					<item id="160">
						<description>Tagesschau Videoblog</description>
						<label>Tagesschau Videoblog</label>
						<label2></label2>
						<icon>$INFO[System.AddonIcon(plugin.video.tagesschauvideoblog)]</icon>
						<onclick>Dialog.Close(all)</onclick>
						<onclick condition="System.hasAddon(plugin.video.tagesschauvideoblog)">RunAddon(plugin.video.tagesschauvideoblog)</onclick>
						<visible>System.hasAddon(plugin.video.tagesschauvideoblog)</visible>
					</item>						
					<item id="84">
						<description>Tele5 Mediathek</description>
						<label>Tele5 Mediathek</label>
						<label2></label2>
						<icon>$INFO[System.AddonIcon(plugin.video.tele5_de)]</icon>
						<onclick>Dialog.Close(all)</onclick>
						<onclick condition="System.hasAddon(plugin.video.tele5_de)">RunAddon(plugin.video.tele5_de)</onclick>
						<visible>System.hasAddon(plugin.video.tele5_de)</visible>
					</item>
					<item id="85">
						<description>Telekom Sport</description>
						<label>Telekom Sport</label>
						<label2></label2>
						<icon>$INFO[System.AddonIcon(plugin.video.telekom-sport)]</icon>
						<onclick>Dialog.Close(all)</onclick>
						<onclick condition="System.hasAddon(plugin.video.telekom-sport)">RunAddon(plugin.video.telekom-sport)</onclick>
						<visible>System.hasAddon(plugin.video.telekom-sport)</visible>
					</item>
					<item id="131">
						<description>TLC.de</description>
						<label>TLC.de</label>
						<label2></label2>
						<icon>$INFO[System.AddonIcon(plugin.video.bromix.tlc_de)]</icon>
						<onclick>Dialog.Close(all)</onclick>
						<onclick condition="System.hasAddon(plugin.video.bromix.tlc_de)">RunAddon(plugin.video.bromix.tlc_de)</onclick>
						<visible>System.hasAddon(plugin.video.bromix.tlc_de)</visible>
					</item>					
					<item id="23">
						<description>TLC Mediathek</description>
						<label>TLC Mediathek</label>
						<label2></label2>
						<icon>$INFO[System.AddonIcon(plugin.video.l0re.tlc)]</icon>
						<onclick>Dialog.Close(all)</onclick>
						<onclick condition="System.hasAddon(plugin.video.l0re.tlc)">RunAddon(plugin.video.l0re.tlc)</onclick>
						<visible>System.hasAddon(plugin.video.l0re.tlc)</visible>
					</item>
					<item id="102">
						<description>TuneIn2017</description>
						<label>TuneIn2017</label>
						<label2>tunein.com-addon for Kodi</label2>
						<icon>$INFO[System.AddonIcon(plugin.audio.tunein2017)]</icon>
						<onclick>Dialog.Close(all)</onclick>
						<onclick condition="System.hasAddon(plugin.audio.tunein2017)">RunAddon(plugin.audio.tunein2017)</onclick>
						<visible>System.hasAddon(plugin.audio.tunein2017)</visible>
					</item>
					<item id="117">
						<description>TuneIn Radio</description>
						<label>TuneIn Radio</label>
						<label2>tunein.com-addon for Kodi</label2>
						<icon>$INFO[System.AddonIcon(plugin.audio.tuneinradio)]</icon>
						<onclick>Dialog.Close(all)</onclick>
						<onclick condition="System.hasAddon(plugin.audio.tuneinradio)">RunAddon(plugin.audio.tuneinradio)</onclick>
						<visible>System.hasAddon(plugin.audio.tuneinradio)</visible>
					</item>
					<item id="128">
						<description>TV Catchup (blxd edition)</description>
						<label>TV Catchup (blxd edition)</label>
						<label2>tunein.com-addon for Kodi</label2>
						<icon>$INFO[System.AddonIcon(plugin.video.blxdtvcatchup)]</icon>
						<onclick>Dialog.Close(all)</onclick>
						<onclick condition="System.hasAddon(plugin.video.blxdtvcatchup)">RunAddon(plugin.video.blxdtvcatchup)</onclick>
						<visible>System.hasAddon(plugin.video.blxdtvcatchup)</visible>
					</item>
					<item id="69">
						<description>TV Now</description>
						<label>TV Now</label>
						<label2></label2>
						<icon>$INFO[System.AddonIcon(plugin.video.rtlnow)]</icon>
						<onclick>Dialog.Close(all)</onclick>
						<onclick condition="System.hasAddon(plugin.video.rtlnow)">RunAddon(plugin.video.rtlnow)</onclick>
						<visible>System.hasAddon(plugin.video.rtlnow)</visible>
					</item>
					<item id="179">
						<description>TV Now 2</description>
						<label>TV Now 2</label>
						<label2></label2>
						<icon>$INFO[System.AddonIcon(plugin.video.tvnow.de)]</icon>
						<onclick>Dialog.Close(all)</onclick>
						<onclick condition="System.hasAddon(plugin.video.tvnow.de)">RunAddon(plugin.video.tvnow.de)</onclick>
						<visible>System.hasAddon(plugin.video.tvnow.de)</visible>
					</item>
					<item id="87">
						<description>TV Spielfilm - Das Beste aus den Mediatheken</description>
						<label>TV Spielfilm - Das Beste aus den Mediatheken</label>
						<label2></label2>
						<icon>$INFO[System.AddonIcon(plugin.video.tvspielfilm_de)]</icon>
						<onclick>Dialog.Close(all)</onclick>
						<onclick condition="System.hasAddon(plugin.video.tvspielfilm_de)">RunAddon(plugin.video.tvspielfilm_de)</onclick>
						<visible>System.hasAddon(plugin.video.tvspielfilm_de)</visible>
					</item>
					<item id="88">
						<description>TV Today - Best of Mediatheken</description>
						<label>TV Today - Best of Mediatheken</label>
						<label2></label2>
						<icon>$INFO[System.AddonIcon(plugin.video.tvtoday_de)]</icon>
						<onclick>Dialog.Close(all)</onclick>
						<onclick condition="System.hasAddon(plugin.video.tvtoday_de)">RunAddon(plugin.video.tvtoday_de)</onclick>
						<visible>System.hasAddon(plugin.video.tvtoday_de)</visible>
					</item>
					<item id="111">
						<description>United States Library of Congress</description>
						<label>United States Library of Congress</label>
						<label2></label2>
						<icon>$INFO[System.AddonIcon(plugin.video.loc)]</icon>
						<onclick>Dialog.Close(all)</onclick>
						<onclick condition="System.hasAddon(plugin.video.loc)">RunAddon(plugin.video.loc)</onclick>
						<visible>System.hasAddon(plugin.video.loc)</visible>
					</item>
					<item id="161">
						<description>Unithek</description>
						<label>Unithek</label>
						<label2></label2>
						<icon>$INFO[System.AddonIcon(plugin.video.unithek)]</icon>
						<onclick>Dialog.Close(all)</onclick>
						<onclick condition="System.hasAddon(plugin.video.unithek)">RunAddon(plugin.video.unithek)</onclick>
						<visible>System.hasAddon(plugin.video.unithek)</visible>
					</item>
					<item id="89">
						<description>VfB-Stuttgart TV</description>
						<label>VfB-Stuttgart TV</label>
						<label2></label2>
						<icon>$INFO[System.AddonIcon(plugin.video.vfb_stuttgart)]</icon>
						<onclick>Dialog.Close(all)</onclick>
						<onclick condition="System.hasAddon(plugin.video.vfb_stuttgart)">RunAddon(plugin.video.vfb_stuttgart)</onclick>
						<visible>System.hasAddon(plugin.video.vfb_stuttgart)</visible>
					</item>
					<item id="162">
						<description>Vice</description>
						<label>Vice</label>
						<label2></label2>
						<icon>$INFO[System.AddonIcon(plugin.video.vice)]</icon>
						<onclick>Dialog.Close(all)</onclick>
						<onclick condition="System.hasAddon(plugin.video.vice)">RunAddon(plugin.video.vice)</onclick>
						<visible>System.hasAddon(plugin.video.vice)</visible>
					</item>					
					<item id="163">
						<description>Vice.com</description>
						<label>Vice.com</label>
						<label2></label2>
						<icon>$INFO[System.AddonIcon(plugin.video.vice_com)]</icon>
						<onclick>Dialog.Close(all)</onclick>
						<onclick condition="System.hasAddon(plugin.video.vice_com)">RunAddon(plugin.video.vice_com)</onclick>
						<visible>System.hasAddon(plugin.video.vice_com)</visible>
					</item>		
					<item id="164">
						<description>Vimeo</description>
						<label>Vimeo</label>
						<label2></label2>
						<icon>$INFO[System.AddonIcon(plugin.video.vimeo)]</icon>
						<onclick>Dialog.Close(all)</onclick>
						<onclick condition="System.hasAddon(plugin.video.vimeo)">RunAddon(plugin.video.vimeo)</onclick>
						<visible>System.hasAddon(plugin.video.vimeo)</visible>
					</item>						
					<item id="90">
						<description>Vodster (dev)</description>
						<label>Vodster (dev)</label>
						<label2></label2>
						<icon>$INFO[System.AddonIcon(plugin.video.vodster)]</icon>
						<onclick>Dialog.Close(all)</onclick>
						<onclick condition="System.hasAddon(plugin.video.vodster)">RunAddon(plugin.video.vodster)</onclick>
						<visible>System.hasAddon(plugin.video.vodster)</visible>
					</item>
					<item id="91">
						<description>"Waipu.tv</description>
						<label>"Waipu.tv</label>
						<label2></label2>
						<icon>$INFO[System.AddonIcon(plugin.video.waipu.tv)]</icon>
						<onclick>Dialog.Close(all)</onclick>
						<onclick condition="System.hasAddon(plugin.video.waipu.tv)">RunAddon(plugin.video.waipu.tv)</onclick>
						<visible>System.hasAddon(plugin.video.waipu.tv)</visible>
					</item>
					<item id="92">
						<description>Wakanim</description>
						<label>Wakanim</label>
						<label2></label2>
						<icon>$INFO[System.AddonIcon(plugin.video.wakanim)]</icon>
						<onclick>Dialog.Close(all)</onclick>
						<onclick condition="System.hasAddon(plugin.video.wakanim)">RunAddon(plugin.video.wakanim)</onclick>
						<visible>System.hasAddon(plugin.video.wakanim)</visible>
					</item>
					<item id="93">
						<description>Watchbox</description>
						<label>Watchbox</label>
						<label2></label2>
						<icon>$INFO[System.AddonIcon(plugin.video.watchbox)]</icon>
						<onclick>Dialog.Close(all)</onclick>
						<onclick condition="System.hasAddon(plugin.video.watchbox)">RunAddon(plugin.video.watchbox)</onclick>
						<visible>System.hasAddon(plugin.video.watchbox)</visible>
					</item>
					<item id="165">
						<description>WDR</description>
						<label>WDR</label>
						<label2></label2>
						<icon>$INFO[System.AddonIcon(plugin.video.wdr)]</icon>
						<onclick>Dialog.Close(all)</onclick>
						<onclick condition="System.hasAddon(plugin.video.wdr)">RunAddon(plugin.video.wdr)</onclick>
						<visible>System.hasAddon(plugin.video.wdr)</visible>
					</item>
					<item id="166">
						<description>WDR Mediathek</description>
						<label>WDR Mediathek</label>
						<label2></label2>
						<icon>$INFO[System.AddonIcon(plugin.video.wdrmediathek)]</icon>
						<onclick>Dialog.Close(all)</onclick>
						<onclick condition="System.hasAddon(plugin.video.wdrmediathek)">RunAddon(plugin.video.wdrmediathek)</onclick>
						<visible>System.hasAddon(plugin.video.wdrmediathek)</visible>
					</item>
					<item id="167">
						<description>WDR Maus</description>
						<label>WDR Maus</label>
						<label2></label2>
						<icon>$INFO[System.AddonIcon(plugin.video.wdrmaus)]</icon>
						<onclick>Dialog.Close(all)</onclick>
						<onclick condition="System.hasAddon(plugin.video.wdrmaus)">RunAddon(plugin.video.wdrmaus)</onclick>
						<visible>System.hasAddon(plugin.video.wdrmaus)</visible>
					</item>
					<item id="24">
						<description>Welt der Wunder</description>
						<label>Welt der Wunder</label>
						<label2></label2>
						<icon>$INFO[System.AddonIcon(plugin.video.l0re.weltderwunder)]</icon>
						<onclick>Dialog.Close(all)</onclick>
						<onclick condition="System.hasAddon(plugin.video.l0re.weltderwunder)">RunAddon(plugin.video.l0re.weltderwunder)</onclick>
						<visible>System.hasAddon(plugin.video.l0re.weltderwunder)</visible>
					</item>
					<item id="95">
						<description>WTA TV</description>
						<label>WTA TV</label>
						<label2></label2>
						<icon>$INFO[System.AddonIcon(plugin.video.wtatv)]</icon>
						<onclick>Dialog.Close(all)</onclick>
						<onclick condition="System.hasAddon(plugin.video.wtatv)">RunAddon(plugin.video.wtatv)</onclick>
						<visible>System.hasAddon(plugin.video.wtatv)</visible>
					</item>
					<item id="96">
						<description>Xbox Live</description>
						<label>Xbox Live</label>
						<label2></label2>
						<icon>$INFO[System.AddonIcon(plugin.video.xbl)]</icon>
						<onclick>Dialog.Close(all)</onclick>
						<onclick condition="System.hasAddon(plugin.video.xbl)">RunAddon(plugin.video.xbl)</onclick>
						<visible>System.hasAddon(plugin.video.xbl)</visible>
					</item>
					<item id="2">
						<description>Youtube</description>
						<label>Youtube</label>
						<label2></label2>
						<icon>$INFO[System.AddonIcon(plugin.video.youtube)]</icon>
						<onclick>Dialog.Close(all)</onclick>
						<onclick condition="System.hasAddon(plugin.video.youtube)">RunAddon(plugin.video.youtube)</onclick>
						<visible>System.hasAddon(plugin.video.youtube)</visible>
					</item>
					<item id="81">
						<description>Youtube Music</description>
						<label>Youtube Music</label>
						<label2></label2>
						<icon>$INFO[System.AddonIcon(plugin.video.spotitube)]</icon>
						<onclick>Dialog.Close(all)</onclick>
						<onclick condition="System.hasAddon(plugin.video.spotitube)">RunAddon(plugin.video.spotitube)</onclick>
						<visible>System.hasAddon(plugin.video.spotitube)</visible>
					</item>
					<item id="97">
						<description>Zappn TV</description>
						<label>Zappn TV</label>
						<label2></label2>
						<icon>$INFO[System.AddonIcon(plugin.video.zappntv)]</icon>
						<onclick>Dialog.Close(all)</onclick>
						<onclick condition="System.hasAddon(plugin.video.zappntv)">RunAddon(plugin.video.zappntv)</onclick>
						<visible>System.hasAddon(plugin.video.zappntv)</visible>
					</item>
					<item id="98">
						<description>Zattoo HiQ-2</description>
						<label>Zattoo HiQ-2</label>
						<label2></label2>
						<icon>$INFO[System.AddonIcon(plugin.video.zattooHiQ-2)]</icon>
						<onclick>Dialog.Close(all)</onclick>
						<onclick condition="System.hasAddon(plugin.video.zattooHiQ-2)">RunAddon(plugin.video.zattooHiQ-2)</onclick>
						<visible>System.hasAddon(plugin.video.zattooHiQ-2)</visible>
					</item>
					<item id="99">
						<description>Zattoo HiQ</description>
						<label>Zattoo HiQ</label>
						<label2></label2>
						<icon>$INFO[System.AddonIcon(plugin.video.zattooHiQ)]</icon>
						<onclick>Dialog.Close(all)</onclick>
						<onclick condition="System.hasAddon(plugin.video.zattooHiQ)">RunAddon(plugin.video.zattooHiQ)</onclick>
						<visible>System.hasAddon(plugin.video.zattooHiQ)</visible>
					</item>
					<item id="100">
						<description>Zattoo Live TV</description>
						<label>Zattoo Live TV</label>
						<label2></label2>
						<icon>$INFO[System.AddonIcon(plugin.video.zattoo_com)]</icon>
						<onclick>Dialog.Close(all)</onclick>
						<onclick condition="System.hasAddon(plugin.video.zattoo_com)">RunAddon(plugin.video.zattoo_com)</onclick>
						<visible>System.hasAddon(plugin.video.zattoo_com)</visible>
					</item>
					<item id="169">
						<description>ZDF Mediathek</description>
						<label>ZDF Mediathek</label>
						<label2></label2>
						<icon>$INFO[System.AddonIcon(plugin.video.zdf_de_lite)]</icon>
						<onclick>Dialog.Close(all)</onclick>
						<onclick condition="System.hasAddon(plugin.video.zdf_de_lite)">RunAddon(plugin.video.zdf_de_lite)</onclick>
						<visible>System.hasAddon(plugin.video.zdf_de_lite)</visible>
					</item>
					<item id="168">
						<description>ZDF Mediathek 2016</description>
						<label>ZDF Mediathek 2016</label>
						<label2></label2>
						<icon>$INFO[System.AddonIcon(plugin.video.zdf_de_2016)]</icon>
						<onclick>Dialog.Close(all)</onclick>
						<onclick condition="System.hasAddon(plugin.video.zdf_de_2016)">RunAddon(plugin.video.zdf_de_2016)</onclick>
						<visible>System.hasAddon(plugin.video.zdf_de_2016)</visible>
					</item>
					<item id="170">
						<description>ZDF MyView</description>
						<label>ZDF MyView</label>
						<label2></label2>
						<icon>$INFO[System.AddonIcon(plugin.video.zdfmyview)]</icon>
						<onclick>Dialog.Close(all)</onclick>
						<onclick condition="System.hasAddon(plugin.video.zdfmyview)">RunAddon(plugin.video.zdfmyview)</onclick>
						<visible>System.hasAddon(plugin.video.zdfmyview)</visible>
					</item>
					<item id="86">
						<description>ZDF tivi</description>
						<label>ZDF tivi</label>
						<label2></label2>
						<icon>$INFO[System.AddonIcon(plugin.video.tivi_de)]</icon>
						<onclick>Dialog.Close(all)</onclick>
						<onclick condition="System.hasAddon(plugin.video.tivi_de)">RunAddon(plugin.video.tivi_de)</onclick>
						<visible>System.hasAddon(plugin.video.tivi_de)</visible>
					</item>

	
	</include>
</includes>