﻿<?xml version="1.0" encoding="utf-8" standalone="yes"?>
<addon id="plugin.video.funkmediathek" name="Funk Mediathek" version="1.5.1" provider-name="sarbes, realvito">
	<requires>
		<import addon="xbmc.python" version="2.25.0"/>
		<import addon="script.module.libmediathek3" version="1.5.0"/>
		<import addon="script.module.nexx" version="1.2.1"/>
	</requires>
	<extension point="xbmc.python.pluginsource" library="default.py">
		<provides>video</provides>
	</extension>
	<extension point="xbmc.addon.metadata">
		<summary lang="de_DE">Serien und Videos von www.funk.net</summary>
		<summary lang="en_GB">Series and Videos from www.funk.net</summary>
		<description lang="de_DE">Dieses Add-on bietet Zugriff auf die Bibliothek von www.funk.net. Hier gibt es Serien wie z.B. Fargo in FullHD, aber auch Eigenproduktionen von ARD/ZDF. Die Serien sind in der Regel nur innerhalb Deutschlands erreichbar.</description>
		<description lang="en_GB">This add-on provides access to the German VOD platform www.funk.net. The content is only accessable from Germany.</description>
		<disclaimer lang="de_DE">Die von diesem Addon dargestellten Inhalte werden von den Erstellern des Addons weder gehostet oder verbreitet, noch stehen die Ersteller in irgendeiner Beziehung zu den Anbietern des Inhalts.</disclaimer>
		<disclaimer lang="en_GB">The author does not host or distribute any of the content displayed by this addon. The author does not have any affiliation with the content providers.</disclaimer>
		<language></language>
		<platform>all</platform>
		<license>GNU GENERAL PUBLIC LICENSE. Version 2, June 1991</license>
		<forum>http://forum.kodi.tv/showthread.php?tid=303100</forum>
		<website></website>
		<email></email>
		<source>https://github.com/prof-membrane/repository.membrane/tree/master/plugin.video.funkmediathek</source>
		<assets>
			<icon>icon.png</icon>
			<fanart>fanart.jpg</fanart>
		</assets>
		<news>[B][COLOR orangered]Version 1.5.1  (20.10.2019)[/COLOR][/B]
		</news>
	</extension>
</addon>
