﻿<?xml version="1.0" encoding="utf-8" standalone="yes"?>
<addon id="plugin.video.l0re.dmax" name="DMAX Mediathek" version="1.0.8" provider-name="L0RE">
	<requires>
		<import addon="xbmc.python" version="2.24.0"/>
		<import addon="service.L0RE.cron" version="1.0.1" optional="true"/>
	</requires>
	<extension point="xbmc.python.pluginsource" library="default.py">
		<provides>video</provides>
	</extension>
	<extension point="xbmc.addon.metadata">
		<summary lang="de_DE">DMAX Mediathek</summary>
		<summary lang="en_GB">DMAX Mediathek</summary>
		<description lang="de_DE">DMAX - der TV Sender. So läuft das hier ! Wann und wo du willst: Action, Abenteuer, Lifestyle. Echte Unterhaltung für echte Kerle. Nur auf dmax.de natürlich !</description>
		<description lang="en_GB">DMAX - the TV station. That's how it works here ! When and where you want: action, adventure, lifestyle. Real entertainment for real guys. Only on dmax.de of course !</description>
		<disclaimer lang="de_DE">Die von diesem Addon dargestellten Inhalte werden von den Erstellern des Addons weder gehostet oder verbreitet, noch stehen die Ersteller in irgendeiner Beziehung zu den Anbietern des Inhalts.</disclaimer>
		<disclaimer lang="en_GB">The author does not host or distribute any of the content displayed by this addon. The author does not have any affiliation with the content providers.</disclaimer>
		<language></language>
		<platform>all</platform>
		<license>GNU GENERAL PUBLIC LICENSE. Version 3, June 1991</license>
		<forum>https://www.kodinerds.net/index.php/Thread/55451-L0REs-Blog/</forum>
		<website>https://www.dmax.de</website>
		<email></email>
		<source>https://github.com/kodinerds/repo/tree/master/plugin.video.L0RE.dmax</source>
		<assets>
			<icon>icon.png</icon>
			<fanart>fanart.jpg</fanart>
		</assets>
		<news>[B][COLOR orangered]Version 1.0.8  (20.10.2019)[/COLOR][/B] by realvito[CR]
- fixed: Titelanzeige aller Serien-Episoden fehlerhaft
- fixed: Übertragung und Anzeige in die Medienbibliothek funktioniert nicht korrekt, wenn "&amp;" im Namen der Serie vorkommt
		</news>
	</extension>
</addon>