<?xml version="1.0" encoding="UTF-8"?>
<addon id="skin.titan.vanilla" version="18.19.09.01" name="Titan Vanilla for Kodi Leia" provider-name="malvinas2,marcelveldt,cartman.dos,mardukL,mgonzales">
	<requires>
		<import addon="xbmc.gui" version="5.14.0" />	
		<import addon="script.skinshortcuts" version="0.6.5"/>
		<import addon="script.skin.helper.service" version="1.0.0"/>
        <import addon="script.skin.helper.widgets" version="1.0.0"/>
        <import addon="script.skin.helper.backgrounds" version="1.0.0"/>
		<import addon="resource.images.studios.coloured" version="0.0.9"/>
		<import addon="resource.images.studios.white" version="0.0.15"/>
		<import addon="resource.images.languageflags.colour" version="0.0.4"/>
        <import addon="resource.uisounds.titan.modern" version="1.0.0"/>
        <import addon="resource.images.skinbackgrounds.titanium" version="1.0.0"/>
        <import addon="resource.images.skinicons.wide" version="1.0.0"/>
        <import addon="resource.images.backgroundoverlays.basic" version="1.0.0"/>
	</requires>
	<extension point="xbmc.gui.skin" debugging="false">		
		<res width="1920" height="1080" aspect="16:9" default="true" folder="xml" />
		<res width="1920" height="1200" aspect="16:10" default="false" folder="xml" />
	</extension>
	<extension point="xbmc.addon.metadata">
		<summary lang="bg_BG">Обликът "Titan Vanilla for Kodi Leia" за MediaPortal адаптиран за Kodi, с много добавени функции.</summary>
		<summary lang="de_DE">MediaPortal's Titan Vanilla for Kodi Leia Skin portiert für Kodi mit jeder Menge neuer Funktionen und einer vollständigen MediaBrowser Integration.</summary>
		<summary lang="en_AU">MediaPortal's Titan Vanilla for Kodi Leia skin ported to Kodi enriched with lot's of features.</summary>
		<summary lang="en_GB">MediaPortal's Titan Vanilla for Kodi Leia skin ported to Kodi enriched with lot's of features.</summary>
		<summary lang="en_NZ">MediaPortal's Titan Vanilla for Kodi Leia skin ported to Kodi enriched with lot's of features.</summary>
		<summary lang="en_US">MediaPortal's Titan Vanilla for Kodi Leia skin ported to Kodi enriched with lot's of features.</summary>
		<summary lang="es_ES">El skin Titan Vanilla for Kodi Leia de MediaPortal, portado a Kodi y enriquecido con muchas funciones.</summary>
		<summary lang="fi_FI">Perustuu MediaPortalin Titan Vanilla for Kodi Leia-ulkoasuun.</summary>
		<summary lang="fr_FR">L'habillage Titan Vanilla for Kodi Leia de MediaPortal adapté à Kodi et enrichi avec de nombreuses fonctionnalités</summary>
		<summary lang="he_IL">המעטפת Titan Vanilla for Kodi Leia שבמקור נוצרה עבור MediaPortal, שודרגה ביכולות רבות ושילוב מלא של MediaBrowser.</summary>
		<summary lang="hr_HR">MediaPortal Titan Vanilla for Kodi Leia presvlaka prebačena na Kodi i obogaćena s puno dodatnih mogućnosti.</summary>
		<summary lang="hu_HU">A MediaPortal Titan Vanilla for Kodi Leia felszínének Kodi portja rengeteg funkcióval kiegészítve.</summary>
		<summary lang="it_IT">La skin di MediaPortal Titan Vanilla for Kodi Leia arriva su Kodi arricchita con molte feature e piena integrazione di MediaBrowser</summary>
		<summary lang="lt_LT">MediaPortal'o Titan Vanilla for Kodi Leia teminė išvaizda perkelta į Kodi ir papildyta daugybe funkcijų bei pilna MediaBrowser integracija.</summary>
		<summary lang="ms_MY">Kulit Titan Vanilla for Kodi Leia MediaPortal diport ke Kodi ditambahbaik dengan pelbagai fitur.</summary>
		<summary lang="nl_NL">De Titan Vanilla for Kodi Leiaskin van MediaPortal is geconverteerd naar Kodi en verrijkt met talloze functionaliteiten</summary>
		<summary lang="pl_PL">Skóra Titan Vanilla for Kodi Leia przeniesiona z programu MediaPortal do Kodi wzbogacona o dodatkowe funkcje.</summary>
		<summary lang="pt_BR">A skin Titan Vanilla for Kodi Leia portada do MediaPortal para o Kodi foi enriquecida com várias funcionalidades.</summary>
		<summary lang="ru_RU">Обложка Titan Vanilla for Kodi Leia была портирована с MediaPortal на Kodi и обзавелась множеством новых возможностей</summary>
		<summary lang="sr_RS">Titan Vanilla for Kodi Leia маска MediaPortala портована за Kodi обогаћена са доста карактеристика.</summary>
		<summary lang="sr_RS@latin">Titan Vanilla for Kodi Leia maska MediaPortala portovana za Kodi obogaćena sa dosta karakteristika.</summary>
		<summary lang="tr_TR">MediaPortal'ın Titan Vanilla for Kodi Leia dış görünümü, pek çok özellikle zenginleştirilerek Kodi'ye aktarıldı.</summary>
		<summary lang="zh_CN">MediaPortal's Titan Vanilla for Kodi Leia 皮肤富含大量的功能。</summary>
		<platform>all</platform>
		<license>GPL v2.0</license>
		<forum>https://forum.kodi.tv/showthread.php?tid=344342</forum>
		<website>https://forum.kodi.tv/showthread.php?tid=344342</website>
		<email>malvinas2@gmx.de</email>
		<source>https://github.com/malvinas2/skin.titan.vanilla</source>
		<assets>
			<icon>icon.png</icon>
			<fanart>fanart.jpg</fanart>
			<screenshot>resources/screenshot000.jpg</screenshot>
			<screenshot>resources/screenshot001.jpg</screenshot>
			<screenshot>resources/screenshot002.jpg</screenshot>
			<screenshot>resources/screenshot003.jpg</screenshot>
			<screenshot>resources/screenshot004.jpg</screenshot>
			<screenshot>resources/screenshot005.jpg</screenshot>
			<screenshot>resources/screenshot006.jpg</screenshot>
			<screenshot>resources/screenshot007.jpg</screenshot>
			<screenshot>resources/screenshot008.jpg</screenshot>
			<screenshot>resources/screenshot009.jpg</screenshot>
		</assets>
		<news>
            Follow the forum thread about the latest news for the skin.
        </news>
	</extension>
</addon>
