<videoscreensaver>
	<collection>Fireplace</collection>
	<encoded>true</encoded>
	<builtin>true</builtin>
	<video>
		<name>Fireplace 1 - [965MB] - 720p</name>
		<filename>Fireplace001-720p.mkv</filename>
		<image>https://raw.githubusercontent.com/robwebset/repository.robwebset/master/screensaver.video/images/Fireplace001-720p.png</image>
		<duration>4162</duration>
		<primary>aHR0cHM6Ly93d3cuZHJvcGJveC5jb20vcy80NmRveWNtNjc0NHBpeWMvRmlyZXBsYWNlMDAxLTcyMHAubWt2P2RsPTE=</primary>
	</video>
	<video>
		<name>Fireplace 2 - [827MB] - 480p</name>
		<filename>Fireplace002.mkv</filename>
		<image>https://raw.githubusercontent.com/robwebset/repository.robwebset/master/screensaver.video/images/Fireplace002.png</image>
		<duration>4284</duration>
		<primary>aHR0cHM6Ly93d3cuZHJvcGJveC5jb20vcy95M2d3MTE0OHJ1YmdmMGcvRmlyZXBsYWNlMDAyLm1rdj9kbD0x</primary>
	</video>
	<video>
		<name>Fireplace 3 - [2.1GB] - 1080p</name>
		<filename>Fireplace003-1080p.mkv</filename>
		<image>https://raw.githubusercontent.com/robwebset/repository.robwebset/master/screensaver.video/images/Fireplace003-1080p.png</image>
		<duration>1200</duration>
		<primary>aHR0cHM6Ly93d3cuZHJvcGJveC5jb20vcy9jYjYyMXd5bDVqOG9sdGovRmlyZXBsYWNlMDAzLTEwODBwLm1rdj9kbD0x</primary>
	</video>
	<video>
		<name>Fireplace 4 - [2.7GB] - 720p</name>
		<filename>Fireplace004-720p.mp4</filename>
		<image>https://raw.githubusercontent.com/robwebset/repository.robwebset/master/screensaver.video/images/VideoScreensaver-Fireplace004.PNG</image>
		<duration>7199</duration>
		<primary>aHR0cHM6Ly93d3cuZHJvcGJveC5jb20vcy8xdm5xM25kcmN2c3ptbTYvRmlyZXBsYWNlMDA0LTcyMHAubXA0P2RsPTE=</primary>
	</video>
</videoscreensaver>
