<?xml version="1.0" encoding="UTF-8"?>
<window id="1108">
	<defaultcontrol always="true">1</defaultcontrol>
	<include>allViewIds</include>
	<onload>ClearProperty(ShowViewSubMenu,Home)</onload>
	<onunload>ClearProperty(ShowViewSubMenu,Home)</onunload>
	<!-- <include>Animation_DialogPopupOpenClose</include> -->
	<include>animation_window_open_close</include>
	<controls>
	
	<!-- Video Background -->
	       <!-- Video Background -->
        <include>GlobalBackground</include>
		<!--Header-->
        <include>Header</include>
 
		<!--NowPlaying-->
		<include condition="!Skin.HasTheme(classic) + !Skin.HasSetting(LowPerformanceMode)">NowPlayingModern</include>

		<!-- all Views -->
        <!-- <include>allViews</include> -->
		
		
			<control type="group">
			<!-- <centerleft>50%</centerleft> -->
			<!-- <width>600</width> -->
			<!-- <centertop>60%</centertop> -->
			<!-- <height>700</height> -->

			<!-- <include>animation_window_open_close</include> -->
            <!-- <visible>!Window.IsVisible(filebrowser) + !Window.IsVisible(selectdialog) + !Window.IsVisible(selectdialog) + !Window.IsVisible(progressdialog) + !Window.IsVisible(virtualkeyboard) + !Window.IsVisible(yesnodialog) + !Window.IsVisible(okdialog) + !Window.IsVisible(addonsettings)</visible> -->

<include>animation_view_change</include>  <!-- was macht das? -->
<visible>Control.IsVisible(50)</visible>	<!-- was macht das? -->

			<control type="panel" id="50">
				<posx>60</posx>
				<bottom>13%</bottom>
				<width>1820</width>
				<height>765</height>
				<!-- <orientation>vertical</orientation> <!-- ist das hier zwingend notwendig?--> -->
				<onleft>9000</onleft>
				<onright condition="Skin.HasSetting(EnableQuickJump)">6000</onright>
				<onright condition="!Skin.HasSetting(EnableQuickJump)">60</onright>
				<onup>50</onup>
				<ondown>50</ondown>
				<viewtype label="536">icon</viewtype> <!-- was ist viewtype ?? -->
				<preloaditems>4</preloaditems>  <!-- was macht das? -->
				<pagecontrol>60</pagecontrol>   <!-- was macht das? -->
				<!-- <animation effect="fade" time="200">VisibleChange</animation> -->
				<scrolltime tween="quadratic" easing="out">300</scrolltime>
				<itemlayout height="255" width="260">
					<control type="image">
						<left>0</left>
						<top>0</top>
						<width>240</width>
						<height>240</height>
						<texture fallback="DefaultVideo.png" background="true">$INFO[ListItem.Icon]</texture>
						<include>thumbsborder_focused_alt</include>
						<fadetime>500</fadetime>
					</control>
					<control type="image" id="123">
						<left>0</left>
						<top>170</top>
						<width>240</width>
						<height>70</height>
						<texture colordiffuse="$INFO[Skin.String(TagOverlaysPanelColor)]">diffuse/poster_tag.png</texture>
						<include>thumbsborder_focused_alt</include>
					</control>
					<control type="textbox">
						<left>15</left>
						<width>220</width>
						<height>60</height>
						<top>175</top>
						<font>font10</font>
						<include condition="Skin.HasSetting(ThumbsLabelAlignmentCenter)">aligncenter</include>
						<align>left</align>
						<aligny>center</aligny>
						<textcolor>$INFO[Skin.String(TagOverlaysTextColor)]</textcolor>
						<label>$INFO[ListItem.Label]</label>
					</control>
				</itemlayout>
				<focusedlayout height="255" width="260">
					<control type="group">
						<control type="image">
							<left>0</left>
							<top>0</top>
							<width>240</width>
							<height>240</height>
							<texture fallback="DefaultVideo.png" background="true">$INFO[ListItem.Icon]</texture>
							<bordertexture colordiffuse="$VAR[ViewDetailsFocusColor]">home/home_matte2.png</bordertexture>
							<include>thumbsborder_focused_alt</include>
							<fadetime>500</fadetime>
							<visible>Control.IsEnabled(3006)</visible>
						</control>
						<control type="image">
							<left>0</left>
							<top>170</top>
							<width>240</width>
							<height>70</height>
							<texture colordiffuse="$INFO[Skin.String(TagOverlaysPanelColor)]">diffuse/poster_tag.png</texture>
							<include>thumbsborder_focused_alt</include>
						</control>
						<control type="textbox">
							<left>15</left>
							<top>175</top>
							<width>220</width>
							<height>60</height>
							<font>font10</font>
							<include condition="Skin.HasSetting(ThumbsLabelAlignmentCenter)">aligncenter</include>
							<align>left</align>
							<aligny>center</aligny>
							<textcolor>$INFO[Skin.String(TagOverlaysTextColor)]</textcolor>
							<label>$INFO[ListItem.Label]</label>
						</control>
					</control>
				</focusedlayout>
			
	
				<content>
					<item id="1">
						<description>blabla</description>
						<label>$INFO[System.AddonTitle(script.globalsearch)]</label>
						<label2></label2>
						<icon>$INFO[System.AddonIcon(script.globalsearch)]</icon>
						<onclick>Dialog.Close(all)</onclick>
						<onclick condition="System.hasAddon(script.globalsearch)">RunAddon(script.globalsearch)</onclick>
						<visible>System.hasAddon(script.globalsearch)</visible>
					</item>
					<item id="2">
						<description>4players (Webbased)</description>
						<label>$INFO[System.AddonTitle(plugin.video.youtube)]</label>
						<label2></label2>
						<icon>$INFO[System.AddonIcon(plugin.video.youtube)]</icon>
						<onclick>Dialog.Close(all)</onclick>
						<onclick condition="System.hasAddon(plugin.video.youtube)">RunAddon(plugin.video.youtube)</onclick>
						<visible>System.hasAddon(plugin.video.youtube)</visible>
					</item>
					<include>custom_content</include>





				</content>
			</control>
				
		<!--vertical Scollbar-->
			<control type="scrollbar" id="60">
				<visible>Control.IsVisible(50) + Integer.IsGreater(Container(50).NumItems,0)</visible>
				<right>15</right>
				<bottom>13%</bottom>
				<height>765</height>
				<onup>60</onup>
				<ondown>6000</ondown>
				<onleft>50</onleft>
				<animation effect="fade" start="0" end="100" time="400" condition="[Control.HasFocus(60) | Skin.HasSetting(EnableTouchSupport) | Container.Scrolling | Skin.HasSetting(alwaysShowScrollbars)] + !Control.IsVisible(6002)">Conditional</animation>
				<animation effect="fade" start="100" end="0" time="400" condition="![Control.HasFocus(60) | Skin.HasSetting(EnableTouchSupport) | Container.Scrolling | Skin.HasSetting(alwaysShowScrollbars)] | Control.IsVisible(6002)">Conditional</animation>
			</control>

<!-- was ist Control.IsVisible(6002) Alphabet Scrollbar -->
<!-- was ist <ondown>6000</ondown> ? -->

			
		</control>
		
		
		
		
			
		
		
		
		
		
        <!--Sub Menu Tab Left-->
        <include condition="!Skin.HasSetting(DisableSideBladeIndicator)">SideBladeMenuTabLeft</include>
        <!--Sub Menu Tab Top-->
        <include condition="!Skin.HasSetting(DisableSideBladeIndicator)">SideBladeMenuTabTop</include>
        <!--Sub Menu-->
        <control type="group">
            <include condition="Skin.HasTheme(classic) | Skin.HasSetting(smallContextMenu)">SideBladeClassic</include>
			<include condition="![Skin.HasTheme(classic) | Skin.HasSetting(smallContextMenu)]">SideBladeModern</include>
            <!--Grouplist 9000-->
            <control type="grouplist" id="9000">
                <posx>21</posx>
                <posy>185</posy>
                <width>458</width>
                <height>770</height>
                <itemgap>3</itemgap>
                <onleft>9000</onleft>
                <onright>50</onright>
				<visible>!Skin.HasSetting(KioskMode.Enabled)</visible>
				<onright>ClearProperty(ShowViewSubMenu,Home)</onright>
				<onleft>ClearProperty(ShowViewSubMenu,Home)</onleft>
				<onback>ClearProperty(ShowViewSubMenu,Home)</onback>
				<onback>50</onback>
                <onup>9000</onup>
                <ondown>9000</ondown>
                <orientation>vertical</orientation>
                <!--Buttons-->
                <control type="label" id="200">
                    <!--Label Menu-->
                    <width>458</width>
                    <align>left</align>
                    <textoffsetx>50</textoffsetx>
                    <font>Bold40</font>
                    <textcolor>$INFO[Skin.String(GeneralHighlightTextColor)]</textcolor>
                    <label>$LOCALIZE[33061]:</label>
					<visible>Skin.HasTheme(classic)</visible>
                </control>
                <control type="image" id="201">
                    <!--Seperator-->
                    <width>458</width>
                    <height>10</height>
                    <texture>common/menu-separator.png</texture>
					<visible>Skin.HasTheme(classic)</visible>
                </control>

               <control type="button" id="3">
					<description>Sort by button</description>
					<include>SideBladeMenuButton</include>
					<label>103</label>
				</control>
				<control type="togglebutton" id="4">
					<description>Sort asc</description>
					<include>SideBladeMenuButton</include>
					<alttexturefocus border="5" colordiffuse="$INFO[Skin.String(ButtonFocusColor)]">colors/color_white.png</alttexturefocus>
					<alttexturenofocus></alttexturenofocus>
					<label>584</label>
					<altlabel>585</altlabel>
					<usealttexture>Container.SortDirection(Ascending)</usealttexture>
				</control>

				<control type="edit" id="19">
					<visible>Container.CanFilter + !Container.CanFilterAdvanced</visible>
					<description>Filter</description>
					<textwidth>230</textwidth>
					<include>SideBladeMenuButton</include>
					<textoffsetx>50</textoffsetx>
					<textoffsety>13</textoffsety>
					<label>587</label>
				</control>
				<control type="radiobutton" id="98">
					<visible>Container.CanFilterAdvanced</visible>
					<description>Filter</description>
					<include>SideBladeMenuButton</include>
					<label>587</label>
					<selected>Container.Filtered</selected>
					<onclick>right</onclick>
					<onclick>Filter</onclick>
				</control>
				<control type="radiobutton" id="3006">
					<!--horizontal navigation ion landscape view-->
					<!-- <visible>Control.IsVisible(501)</visible> -->
					<include>SideBladeMenuButton</include>
					<label>blablaTag</label>
					<!-- <onclick>Skin.ToggleSetting(View_501_HorizontalNavigation)</onclick> -->
					<onclick condition="!Control.IsVisible(50)">Control.IsVisible(50)</onclick>
					<onclick condition="Control.IsVisible(50)">!Control.IsVisible(50)</onclick>
					<selected>Control.IsVisible(50)</selected>
				</control>
    

             </control>
        </control>
		
				<!--NowPlaying-->
        <include condition="Skin.HasTheme(classic)">NowPlayingMusicClassic</include>
        <include condition="Skin.HasTheme(classic)">NowPlayingVideoClassic</include>
        <include condition="Skin.HasSetting(DebugGrid) | Skin.HasSetting(DebugInfo)">DebugInfo</include>
	
	
		<!-- <include>DialogOverlayExtra</include> -->
		
		
		
		
		

		
		
		
		
		
		
		
		
		
		
		
		<include condition="!Skin.HasSetting(nofooterbar)">Footer</include>
		

	</controls>
</window>
